brand_name,generic_name,status,earliest_expiry,days_until,category,route,strength,approval_date,patent_count,approval_year,approval_month,brand_price_monthly,brand_price_annual,generic_price_monthly,generic_price_annual,monthly_savings,annual_savings,savings_percent,generic_available
ABILIFY,ARIPIPRAZOLE,Expired,2024-07-21,-607,Other,INJECTABLE;INTRAMUSCULAR,9.75MG/1.3ML (7.5MG/ML),2006-09-20,21,2006.0,9.0,287.27,3447.24,62.78,753.36,224.49,2693.88,78.1,Yes
IXEMPRA KIT,IXABEPILONE,Expired,2024-08-21,-576,Injectable,INJECTABLE;INTRAVENOUS,15MG/VIAL,2007-10-16,4,2007.0,10.0,2876.79,34521.48,555.31,6663.72,2321.48,27857.76,80.7,Yes
TECHNIVIE,OMBITASVIR; PARITAPREVIR; RITONAVIR,Expired,2024-08-25,-572,Oral,TABLET;ORAL,12.5MG;75MG;50MG **Federal Register determination that product was not discontinued or withdrawn for safety or effectiveness reasons**,2015-07-24,11,2015.0,7.0,612.4,7348.8,73.52,882.24,538.88,6466.56,88.0,Yes
STIOLTO RESPIMAT,OLODATEROL HYDROCHLORIDE; TIOTROPIUM BROMIDE,Expired,2024-08-26,-571,Respiratory,"SPRAY, METERED;INHALATION",EQ 0.0025MG BASE/INH;EQ 0.0025MG BASE/INH,2015-05-21,11,2015.0,5.0,419.4,5032.8,104.5,1254.0,314.9,3778.8,75.1,Yes
SPIRIVA RESPIMAT,TIOTROPIUM BROMIDE,Expired,2024-08-26,-571,Respiratory,"SPRAY, METERED;INHALATION",EQ 0.00125MG BASE/INH,2015-09-15,12,2015.0,9.0,220.21,2642.52,45.46,545.52,174.75,2097.0,79.4,Yes
XARELTO,RIVAROXABAN,Expired,2024-08-28,-569,Oral,FOR SUSPENSION;ORAL,1MG/ML,2021-12-20,48,2021.0,12.0,209.2,2510.4,33.09,397.08,176.11,2113.32,84.2,Yes
ARMONAIR DIGIHALER,FLUTICASONE PROPIONATE,Expired,2024-09-01,-565,Respiratory,POWDER;INHALATION,0.03MG/INH,2022-04-08,48,2022.0,4.0,176.14,2113.68,39.97,479.64,136.17,1634.04,77.3,Yes
ARMONAIR RESPICLICK,FLUTICASONE PROPIONATE,Expired,2024-09-01,-565,Respiratory,POWDER;INHALATION,0.03MG/INH,2021-07-09,24,2021.0,7.0,539.78,6477.36,151.01,1812.12,388.77,4665.24,72.0,Yes
AIRDUO RESPICLICK,FLUTICASONE PROPIONATE; SALMETEROL XINAFOATE,Expired,2024-09-01,-565,Respiratory,POWDER;INHALATION,0.055MG/INH;EQ 0.014MG BASE/INH,2017-01-27,32,2017.0,1.0,420.5,5046.0,97.15,1165.8,323.35,3880.2,76.9,Yes
AIRDUO DIGIHALER,FLUTICASONE PROPIONATE; SALMETEROL XINAFOATE,Expired,2024-09-01,-565,Respiratory,POWDER;INHALATION,0.055MG/INH;EQ 0.014MG BASE/INH,2019-07-12,50,2019.0,7.0,468.63,5623.56,115.06,1380.72,353.57,4242.84,75.4,Yes
PROTONIX,PANTOPRAZOLE SODIUM,Expired,2024-09-30,-536,Oral,"FOR SUSPENSION, DELAYED RELEASE;ORAL",EQ 40MG BASE,2007-11-14,8,2007.0,11.0,114.41,1372.92,11.57,138.84,102.84,1234.08,89.9,Yes
ABRAXANE,PACLITAXEL,Expired,2024-10-27,-509,Injectable,POWDER;INTRAVENOUS,100MG/VIAL,2005-01-07,18,2005.0,1.0,2924.77,35097.24,459.9,5518.8,2464.87,29578.44,84.3,Yes
BRILINTA,TICAGRELOR,Expired,2024-10-30,-506,Oral,TABLET;ORAL,60MG,2015-09-03,26,2015.0,9.0,682.71,8192.52,95.07,1140.84,587.64,7051.68,86.1,Yes
KUVAN,SAPROPTERIN DIHYDROCHLORIDE,Expired,2024-11-17,-488,Oral,POWDER;ORAL,100MG/PACKET,2013-12-19,42,2013.0,12.0,248.64,2983.68,36.8,441.6,211.84,2542.08,85.2,Yes
DIPRIVAN,PROPOFOL,Expired,2024-12-01,-474,Injectable,INJECTABLE;INJECTION,10MG/ML,1996-06-11,2,1996.0,6.0,954.56,11454.72,200.46,2405.52,754.1,9049.2,79.0,Yes
VYZULTA,LATANOPROSTENE BUNOD,Expired,2025-01-05,-439,Eye Care,SOLUTION/DROPS;OPHTHALMIC,0.024%,2017-11-02,4,2017.0,11.0,173.36,2080.32,22.39,268.68,150.97,1811.64,87.1,Yes
DESCOVY,EMTRICITABINE; TENOFOVIR ALAFENAMIDE FUMARATE,Expired,2025-01-07,-437,Oral,TABLET;ORAL,120MG;EQ 15MG BASE,2022-01-07,16,2022.0,1.0,312.97,3755.64,53.05,636.6,259.92,3119.04,83.0,Yes
GENVOYA,COBICISTAT; ELVITEGRAVIR; EMTRICITABINE; TENOFOVIR ALAFENAMIDE FUMARATE,Expired,2025-01-07,-437,Oral,TABLET;ORAL,150MG;150MG;200MG;EQ 10MG BASE,2015-11-05,20,2015.0,11.0,467.33,5607.96,86.93,1043.16,380.4,4564.8,81.4,Yes
VEMLIDY,TENOFOVIR ALAFENAMIDE FUMARATE,Expired,2025-01-07,-437,Oral,TABLET;ORAL,EQ 25MG BASE,2016-11-10,10,2016.0,11.0,402.36,4828.32,71.61,859.32,330.75,3969.0,82.2,Yes
EDARBI,AZILSARTAN KAMEDOXOMIL,Expired,2025-01-07,-437,Oral,TABLET;ORAL,EQ 40MG MEDOXOMIL,2011-02-25,6,2011.0,2.0,303.86,3646.32,31.59,379.08,272.27,3267.24,89.6,Yes
BIKTARVY,BICTEGRAVIR SODIUM; EMTRICITABINE; TENOFOVIR ALAFENAMIDE FUMARATE,Expired,2025-01-07,-437,Oral,TABLET;ORAL,EQ 30MG BASE;120MG;EQ 15MG BASE,2021-10-07,22,2021.0,10.0,528.3,6339.6,78.22,938.64,450.08,5400.96,85.2,Yes
EDARBYCLOR,AZILSARTAN KAMEDOXOMIL; CHLORTHALIDONE,Expired,2025-01-07,-437,Oral,TABLET;ORAL,EQ 40MG MEDOXOMIL;12.5MG,2011-12-20,10,2011.0,12.0,197.65,2371.8,21.84,262.08,175.81,2109.72,89.0,Yes
TRILIPIX,CHOLINE FENOFIBRATE,Expired,2025-01-07,-437,Oral,"CAPSULE, DELAYED RELEASE;ORAL",EQ 45MG FENOFIBRIC ACID,2008-12-15,2,2008.0,12.0,304.5,3654.0,37.82,453.84,266.68,3200.16,87.6,Yes
ODEFSEY,EMTRICITABINE; RILPIVIRINE HYDROCHLORIDE; TENOFOVIR ALAFENAMIDE FUMARATE,Expired,2025-01-07,-437,Oral,TABLET;ORAL,200MG;EQ 25MG BASE;EQ 25MG BASE,2016-03-01,7,2016.0,3.0,356.45,4277.4,70.81,849.72,285.64,3427.68,80.1,Yes
UZEDY,RISPERIDONE,Expired,2025-01-12,-432,Injectable,"SUSPENSION, EXTENDED RELEASE;SUBCUTANEOUS",50MG/0.14ML (50MG/0.14ML),2023-04-28,93,2023.0,4.0,1640.17,19682.04,269.4,3232.8,1370.77,16449.24,83.6,Yes
BEPREVE,BEPOTASTINE BESILATE,Expired,2025-01-13,-431,Eye Care,SOLUTION/DROPS;OPHTHALMIC,1.5%,2009-09-08,1,2009.0,9.0,414.07,4968.84,62.06,744.72,352.01,4224.12,85.0,Yes
EVZIO (AUTOINJECTOR),NALOXONE HYDROCHLORIDE,Expired,2025-01-15,-429,Injectable,"SOLUTION;INTRAMUSCULAR, SUBCUTANEOUS",2MG/0.4ML (2MG/0.4ML),2016-10-19,24,2016.0,10.0,999.18,11990.16,211.64,2539.68,787.54,9450.48,78.8,Yes
ENTRESTO,SACUBITRIL; VALSARTAN,Expired,2025-01-15,-429,Oral,TABLET;ORAL,24MG;26MG,2015-07-07,30,2015.0,7.0,459.96,5519.52,78.31,939.72,381.65,4579.8,83.0,Yes
EVZIO,NALOXONE HYDROCHLORIDE,Expired,2025-01-15,-429,Injectable,"SOLUTION;INTRAMUSCULAR, SUBCUTANEOUS",0.4MG/0.4ML (0.4MG/0.4ML),2014-04-03,24,2014.0,4.0,1981.04,23772.48,408.02,4896.24,1573.02,18876.24,79.4,Yes
ENTRESTO SPRINKLE,SACUBITRIL; VALSARTAN,Expired,2025-01-15,-429,Oral,"CAPSULE, PELLETS;ORAL",6MG;6MG,2024-04-12,8,2024.0,4.0,132.52,1590.24,13.38,160.56,119.14,1429.68,89.9,Yes
SANCUSO,GRANISETRON,Expired,2025-01-22,-422,Other,"FILM, EXTENDED RELEASE;TRANSDERMAL",3.1MG/24HR,2008-09-12,1,2008.0,9.0,403.77,4845.24,73.75,885.0,330.02,3960.24,81.7,Yes
LOCOID,HYDROCORTISONE BUTYRATE,Expired,2025-01-23,-421,Topical,LOTION;TOPICAL,0.1%,2007-05-18,1,2007.0,5.0,134.57,1614.84,27.15,325.8,107.42,1289.04,79.8,Yes
HORIZANT,GABAPENTIN ENACARBIL,Expired,2025-01-24,-420,Oral,"TABLET, EXTENDED RELEASE;ORAL",300MG,2011-12-13,14,2011.0,12.0,145.54,1746.48,15.83,189.96,129.71,1556.52,89.1,Yes
SPRYCEL,DASATINIB,Expired,2025-02-04,-409,Oral,TABLET;ORAL,20MG,2006-06-28,24,2006.0,6.0,764.22,9170.64,103.22,1238.64,661.0,7932.0,86.5,Yes
EPANOVA,OMEGA-3-CARBOXYLIC ACIDS,Expired,2025-02-07,-406,Oral,CAPSULE;ORAL,1GM CONTAINS AT LEAST 850MG OF POLYUNSATURATED FATTY ACIDS,2014-05-05,7,2014.0,5.0,775.94,9311.28,80.17,962.04,695.77,8349.24,89.7,Yes
KYBELLA,DEOXYCHOLIC ACID,Expired,2025-02-08,-405,Injectable,SOLUTION;SUBCUTANEOUS,20MG/2ML (10MG/ML),2015-04-29,16,2015.0,4.0,2520.99,30251.88,397.96,4775.52,2123.03,25476.36,84.2,Yes
ZURAGARD,ISOPROPYL ALCOHOL,Expired,2025-02-08,-405,Topical,SOLUTION;TOPICAL,70%,2019-04-26,7,2019.0,4.0,177.48,2129.76,33.67,404.04,143.81,1725.72,81.0,Yes
ZOLINZA,VORINOSTAT,Expired,2025-02-09,-404,Oral,CAPSULE;ORAL,100MG,2006-10-06,4,2006.0,10.0,168.37,2020.44,19.07,228.84,149.3,1791.6,88.7,Yes
SCENESSE,AFAMELANOTIDE,Expired,2025-02-11,-402,Injectable,IMPLANT;SUBCUTANEOUS,16MG,2019-10-08,2,2019.0,10.0,2210.58,26526.96,457.05,5484.6,1753.53,21042.36,79.3,Yes
HYSINGLA ER,HYDROCODONE BITARTRATE,Expired,2025-02-13,-400,Oral,"TABLET, EXTENDED RELEASE;ORAL",20MG,2014-11-20,140,2014.0,11.0,408.11,4897.32,68.95,827.4,339.16,4069.92,83.1,Yes
IZERVAY,AVACINCAPTAD PEGOL SODIUM,Expired,2025-02-14,-399,Other,SOLUTION;INTRAVITREAL,EQ 2MG BASE/0.1ML (EQ 2MG BASE/0.1ML),2023-08-04,9,2023.0,8.0,161.02,1932.24,37.04,444.48,123.98,1487.76,77.0,Yes
INTERMEZZO,ZOLPIDEM TARTRATE,Expired,2025-02-16,-397,Oral,TABLET;SUBLINGUAL,1.75MG,2011-11-23,8,2011.0,11.0,446.62,5359.44,53.6,643.2,393.02,4716.24,88.0,Yes
DURYSTA,BIMATOPROST,Expired,2025-02-19,-394,Eye Care,IMPLANT;OPHTHALMIC,10MCG,2020-03-04,8,2020.0,3.0,113.76,1365.12,13.28,159.36,100.48,1205.76,88.3,Yes
DIFFERIN,ADAPALENE,Expired,2025-02-23,-390,Topical,GEL;TOPICAL,0.3%,2007-06-19,4,2007.0,6.0,370.98,4451.76,59.53,714.36,311.45,3737.4,84.0,Yes
XIFAXAN,RIFAXIMIN,Expired,2025-02-23,-390,Oral,TABLET;ORAL,200MG,2004-05-25,37,2004.0,5.0,281.15,3373.8,46.01,552.12,235.14,2821.68,83.6,Yes
ARCAPTA NEOHALER,INDACATEROL MALEATE,Expired,2025-02-25,-388,Respiratory,POWDER;INHALATION,EQ 75MCG BASE,2011-07-01,2,2011.0,7.0,448.14,5377.68,121.29,1455.48,326.85,3922.2,72.9,Yes
RUKOBIA,FOSTEMSAVIR TROMETHAMINE,Expired,2025-02-25,-388,Oral,"TABLET, EXTENDED RELEASE;ORAL",EQ 600MG BASE,2020-07-02,3,2020.0,7.0,318.2,3818.4,32.83,393.96,285.37,3424.44,89.7,Yes
INCIVEK,TELAPREVIR,Expired,2025-02-25,-388,Oral,TABLET;ORAL,375MG,2011-05-23,2,2011.0,5.0,464.05,5568.6,89.85,1078.2,374.2,4490.4,80.6,Yes
UTIBRON NEOHALER,GLYCOPYRROLATE; INDACATEROL MALEATE,Expired,2025-02-25,-388,Respiratory,POWDER;INHALATION,15.6MCG/INH;27.5MCG/INH,2015-10-29,3,2015.0,10.0,396.02,4752.24,81.26,975.12,314.76,3777.12,79.5,Yes
CHLORHEXIDINE GLUCONATE,CHLORHEXIDINE GLUCONATE,Expired,2025-02-27,-386,Topical,CLOTH;TOPICAL,2%,2005-04-25,3,2005.0,4.0,139.15,1669.8,28.4,340.8,110.75,1329.0,79.6,Yes
VELTASSA,PATIROMER SORBITEX CALCIUM,Expired,2025-02-27,-386,Oral,POWDER;ORAL,EQ 1GM BASE/PACKET,2023-10-02,32,2023.0,10.0,778.71,9344.52,133.09,1597.08,645.62,7747.44,82.9,Yes
XALKORI,CRIZOTINIB,Expired,2025-03-01,-384,Oral,"CAPSULE, PELLETS;ORAL",20MG,2023-09-07,35,2023.0,9.0,642.59,7711.08,120.23,1442.76,522.36,6268.32,81.3,Yes
LYSTEDA,TRANEXAMIC ACID,Expired,2025-03-04,-381,Oral,TABLET;ORAL,650MG,2009-11-13,8,2009.0,11.0,757.65,9091.8,129.87,1558.44,627.78,7533.36,82.9,Yes
JUXTAPID,LOMITAPIDE MESYLATE,Expired,2025-03-07,-378,Oral,CAPSULE;ORAL,EQ 5MG BASE,2012-12-21,48,2012.0,12.0,726.38,8716.56,130.87,1570.44,595.51,7146.12,82.0,Yes
YUPELRI,REVEFENACIN,Expired,2025-03-10,-375,Respiratory,SOLUTION;INHALATION,175MCG/3ML,2018-11-09,21,2018.0,11.0,419.05,5028.6,98.03,1176.36,321.02,3852.24,76.6,Yes
XIIDRA,LIFITEGRAST,Expired,2025-03-10,-375,Eye Care,SOLUTION/DROPS;OPHTHALMIC,5%,2016-07-11,11,2016.0,7.0,468.75,5625.0,85.07,1020.84,383.68,4604.16,81.9,Yes
OGSIVEO,NIROGACESTAT HYDROBROMIDE,Expired,2025-03-11,-374,Oral,TABLET;ORAL,EQ 50MG BASE,2023-11-27,90,2023.0,11.0,161.94,1943.28,17.49,209.88,144.45,1733.4,89.2,Yes
VIBERZI,ELUXADOLINE,Expired,2025-03-14,-371,Oral,TABLET;ORAL,75MG,2015-05-27,42,2015.0,5.0,237.19,2846.28,44.94,539.28,192.25,2307.0,81.1,Yes
OSENI,ALOGLIPTIN BENZOATE; PIOGLITAZONE HYDROCHLORIDE,Expired,2025-03-15,-370,Oral,TABLET;ORAL,EQ 12.5MG BASE;EQ 15MG BASE **Federal Register determination that product was not discontinued or withdrawn for safety or effectiveness reasons**,2013-01-25,24,2013.0,1.0,131.66,1579.92,20.38,244.56,111.28,1335.36,84.5,Yes
KAZANO,ALOGLIPTIN BENZOATE; METFORMIN HYDROCHLORIDE,Expired,2025-03-15,-370,Oral,TABLET;ORAL,EQ 12.5MG BASE;1GM,2013-01-25,8,2013.0,1.0,327.73,3932.76,59.56,714.72,268.17,3218.04,81.8,Yes
ABILIFY ASIMTUFII,ARIPIPRAZOLE,Expired,2025-03-15,-370,Other,"SUSPENSION, EXTENDED RELEASE;INTRAMUSCULAR",720MG/2.4ML (300MG/ML),2023-04-27,20,2023.0,4.0,294.34,3532.08,57.46,689.52,236.88,2842.56,80.5,Yes
ABILIFY MAINTENA KIT,ARIPIPRAZOLE,Expired,2025-03-15,-370,Other,"FOR SUSPENSION, EXTENDED RELEASE;INTRAMUSCULAR",300MG/VIAL,2013-02-28,72,2013.0,2.0,235.67,2828.04,50.52,606.24,185.15,2221.8,78.6,Yes
NESINA,ALOGLIPTIN BENZOATE,Expired,2025-03-15,-370,Oral,TABLET;ORAL,EQ 6.25MG BASE,2013-01-25,12,2013.0,1.0,680.12,8161.44,103.81,1245.72,576.31,6915.72,84.7,Yes
OXAYDO,OXYCODONE HYDROCHLORIDE,Expired,2025-03-16,-369,Oral,TABLET;ORAL,5MG,2011-06-17,2,2011.0,6.0,349.73,4196.76,60.56,726.72,289.17,3470.04,82.7,Yes
LUMIGAN,BIMATOPROST,Expired,2025-03-16,-369,Eye Care,SOLUTION/DROPS;OPHTHALMIC,0.01%,2010-08-31,13,2010.0,8.0,212.37,2548.44,22.97,275.64,189.4,2272.8,89.2,Yes
XTAMPZA ER,OXYCODONE,Expired,2025-03-21,-364,Oral,"CAPSULE, EXTENDED RELEASE;ORAL",9MG,2016-04-26,60,2016.0,4.0,479.89,5758.68,50.89,610.68,429.0,5148.0,89.4,Yes
GLUMETZA,METFORMIN HYDROCHLORIDE,Expired,2025-03-23,-362,Oral,"TABLET, EXTENDED RELEASE;ORAL",1GM,2005-06-03,1,2005.0,6.0,198.65,2383.8,24.77,297.24,173.88,2086.56,87.5,Yes
FORTEO,TERIPARATIDE,Expired,2025-03-25,-360,Injectable,SOLUTION;SUBCUTANEOUS,0.75MG/3ML (0.25MG/ML),2002-11-26,1,2002.0,11.0,2505.49,30065.88,415.8,4989.6,2089.69,25076.28,83.4,Yes
CONTRAVE,BUPROPION HYDROCHLORIDE; NALTREXONE HYDROCHLORIDE,Expired,2025-03-26,-359,Oral,"TABLET, EXTENDED RELEASE;ORAL",90MG;8MG,2014-09-10,19,2014.0,9.0,152.19,1826.28,28.49,341.88,123.7,1484.4,81.3,Yes
OXYCONTIN,OXYCODONE HYDROCHLORIDE,Expired,2025-03-30,-355,Oral,"TABLET, EXTENDED RELEASE;ORAL",10MG,2010-04-05,137,2010.0,4.0,790.82,9489.84,96.42,1157.04,694.4,8332.8,87.8,Yes
TARGINIQ,NALOXONE HYDROCHLORIDE; OXYCODONE HYDROCHLORIDE,Expired,2025-03-30,-355,Oral,"TABLET, EXTENDED RELEASE;ORAL",5MG;10MG,2014-07-23,6,2014.0,7.0,640.57,7686.84,126.57,1518.84,514.0,6168.0,80.2,Yes
TEGSEDI,INOTERSEN SODIUM,Expired,2025-04-01,-353,Injectable,SOLUTION;SUBCUTANEOUS,EQ 284MG BASE/1.5ML (EQ 189.3MG BASE/ML),2018-10-05,4,2018.0,10.0,996.79,11961.48,183.1,2197.2,813.69,9764.28,81.6,Yes
INVOKAMET,CANAGLIFLOZIN; METFORMIN HYDROCHLORIDE,Expired,2025-04-11,-343,Oral,TABLET;ORAL,50MG;500MG,2014-08-08,60,2014.0,8.0,103.87,1246.44,12.28,147.36,91.59,1099.08,88.2,Yes
INVOKAMET XR,CANAGLIFLOZIN; METFORMIN HYDROCHLORIDE,Expired,2025-04-11,-343,Oral,"TABLET, EXTENDED RELEASE;ORAL",50MG;1GM,2016-09-20,56,2016.0,9.0,670.82,8049.84,120.06,1440.72,550.76,6609.12,82.1,Yes
INVOKANA,CANAGLIFLOZIN,Expired,2025-04-11,-343,Oral,TABLET;ORAL,100MG,2013-03-29,28,2013.0,3.0,594.8,7137.6,98.66,1183.92,496.14,5953.68,83.4,Yes
BYDUREON PEN,EXENATIDE SYNTHETIC,Expired,2025-04-13,-341,Injectable,"FOR SUSPENSION, EXTENDED RELEASE;SUBCUTANEOUS",2MG,2014-02-28,64,2014.0,2.0,2322.52,27870.24,464.08,5568.96,1858.44,22301.28,80.0,Yes
BYDUREON,EXENATIDE SYNTHETIC,Expired,2025-04-13,-341,Injectable,"FOR SUSPENSION, EXTENDED RELEASE;SUBCUTANEOUS",2MG/VIAL,2012-01-27,64,2012.0,1.0,2428.18,29138.16,499.08,5988.96,1929.1,23149.2,79.4,Yes
FARXIGA,DAPAGLIFLOZIN,Expired,2025-04-13,-341,Oral,TABLET;ORAL,5MG,2014-01-08,76,2014.0,1.0,151.83,1821.96,26.1,313.2,125.73,1508.76,82.8,Yes
BYDUREON BCISE,EXENATIDE SYNTHETIC,Expired,2025-04-13,-341,Injectable,"SUSPENSION, EXTENDED RELEASE;SUBCUTANEOUS",2MG/0.85ML (2MG/0.85ML),2017-10-20,76,2017.0,10.0,1396.16,16753.92,241.32,2895.84,1154.84,13858.08,82.7,Yes
KYPROLIS,CARFILZOMIB,Expired,2025-04-14,-340,Injectable,POWDER;INTRAVENOUS,10MG/VIAL,2018-06-07,69,2018.0,6.0,789.67,9476.04,197.13,2365.56,592.54,7110.48,75.0,Yes
SYMTUZA,COBICISTAT; DARUNAVIR; EMTRICITABINE; TENOFOVIR ALAFENAMIDE FUMARATE,Expired,2025-04-17,-337,Oral,TABLET;ORAL,150MG;800MG;200MG;EQ 10MG BASE,2018-07-17,14,2018.0,7.0,704.17,8450.04,139.06,1668.72,565.11,6781.32,80.3,Yes
EDURANT,RILPIVIRINE HYDROCHLORIDE,Expired,2025-04-21,-333,Oral,TABLET;ORAL,EQ 25MG BASE,2011-05-20,6,2011.0,5.0,536.31,6435.72,88.51,1062.12,447.8,5373.6,83.5,Yes
JULUCA,DOLUTEGRAVIR SODIUM; RILPIVIRINE HYDROCHLORIDE,Expired,2025-04-21,-333,Oral,TABLET;ORAL,EQ 50MG BASE;EQ 25MG BASE,2017-11-21,7,2017.0,11.0,331.63,3979.56,39.78,477.36,291.85,3502.2,88.0,Yes
EDURANT PED,RILPIVIRINE HYDROCHLORIDE,Expired,2025-04-21,-333,Oral,"TABLET, FOR SUSPENSION;ORAL",EQ 2.5MG BASE,2024-03-15,2,2024.0,3.0,144.49,1733.88,24.28,291.36,120.21,1442.52,83.2,Yes
CABENUVA KIT,CABOTEGRAVIR; RILPIVIRINE,Expired,2025-04-21,-333,Other,"SUSPENSION, EXTENDED RELEASE;INTRAMUSCULAR",400MG/2ML (200MG/ML);600MG/2ML (300MG/ML),2021-01-21,18,2021.0,1.0,255.49,3065.88,40.17,482.04,215.32,2583.84,84.3,Yes
COMPLERA,EMTRICITABINE; RILPIVIRINE HYDROCHLORIDE; TENOFOVIR DISOPROXIL FUMARATE,Expired,2025-04-21,-333,Oral,TABLET;ORAL,200MG;EQ 25MG BASE;300MG,2011-08-10,3,2011.0,8.0,327.63,3931.56,33.77,405.24,293.86,3526.32,89.7,Yes
VYXEOS,CYTARABINE; DAUNORUBICIN,Expired,2025-04-22,-332,Injectable,POWDER;INTRAVENOUS,100MG;44MG,2017-08-03,10,2017.0,8.0,2324.02,27888.24,408.49,4901.88,1915.53,22986.36,82.4,Yes
ANTARA (MICRONIZED),FENOFIBRATE,Expired,2025-04-22,-332,Oral,CAPSULE;ORAL,30MG **Federal Register determination that product was not discontinued or withdrawn for safety or effectiveness reasons**,2013-10-18,6,2013.0,10.0,546.29,6555.48,79.9,958.8,466.39,5596.68,85.4,Yes
FOTIVDA,TIVOZANIB HYDROCHLORIDE,Expired,2025-04-26,-328,Oral,CAPSULE;ORAL,EQ 0.89MG BASE,2021-03-10,6,2021.0,3.0,721.05,8652.6,134.71,1616.52,586.34,7036.08,81.3,Yes
ANORO ELLIPTA,UMECLIDINIUM BROMIDE; VILANTEROL TRIFENATATE,Expired,2025-04-27,-327,Respiratory,POWDER;INHALATION,EQ 0.0625MG BASE/INH;EQ 0.025MG BASE/INH,2013-12-18,11,2013.0,12.0,362.5,4350.0,98.86,1186.32,263.64,3163.68,72.7,Yes
TRELEGY ELLIPTA,FLUTICASONE FUROATE; UMECLIDINIUM BROMIDE; VILANTEROL TRIFENATATE,Expired,2025-04-27,-327,Respiratory,POWDER;INHALATION,0.1MG/INH;EQ 0.0625MG BASE/INH;EQ 0.025MG BASE/INH,2017-09-18,27,2017.0,9.0,203.82,2445.84,55.9,670.8,147.92,1775.04,72.6,Yes
INCRUSE ELLIPTA,UMECLIDINIUM BROMIDE,Expired,2025-04-27,-327,Respiratory,POWDER;INHALATION,EQ 0.0625MG BASE/INH,2014-04-30,4,2014.0,4.0,470.96,5651.52,114.23,1370.76,356.73,4280.76,75.7,Yes
STENDRA,AVANAFIL,Expired,2025-04-27,-327,Oral,TABLET;ORAL,50MG,2012-04-27,3,2012.0,4.0,632.55,7590.6,85.14,1021.68,547.41,6568.92,86.5,Yes
INLYTA,AXITINIB,Expired,2025-04-29,-325,Oral,TABLET;ORAL,1MG,2012-01-27,16,2012.0,1.0,492.89,5914.68,67.58,810.96,425.31,5103.72,86.3,Yes
AUVI-Q,EPINEPHRINE,Expired,2025-04-30,-324,Injectable,"SOLUTION;INTRAMUSCULAR, SUBCUTANEOUS",EQ 0.1MG/DELIVERY,2017-11-17,27,2017.0,11.0,2427.42,29129.04,603.86,7246.32,1823.56,21882.72,75.1,Yes
GLYXAMBI,EMPAGLIFLOZIN; LINAGLIPTIN,Expired,2025-05-02,-322,Oral,TABLET;ORAL,10MG;5MG,2015-01-30,68,2015.0,1.0,445.66,5347.92,46.35,556.2,399.31,4791.72,89.6,Yes
TRIJARDY XR,EMPAGLIFLOZIN; LINAGLIPTIN; METFORMIN HYDROCHLORIDE,Expired,2025-05-02,-322,Oral,"TABLET, EXTENDED RELEASE;ORAL",5MG;2.5MG;1GM,2020-01-27,119,2020.0,1.0,465.91,5590.92,86.99,1043.88,378.92,4547.04,81.3,Yes
JENTADUETO XR,LINAGLIPTIN; METFORMIN HYDROCHLORIDE,Expired,2025-05-02,-322,Oral,"TABLET, EXTENDED RELEASE;ORAL",2.5MG;1GM,2016-05-27,40,2016.0,5.0,399.28,4791.36,63.03,756.36,336.25,4035.0,84.2,Yes
ONIVYDE,IRINOTECAN HYDROCHLORIDE,Expired,2025-05-02,-322,Injectable,"INJECTABLE, LIPOSOMAL;INTRAVENOUS",EQ 43MG BASE/10ML (EQ 4.3MG BASE/ML),2015-10-22,23,2015.0,10.0,563.55,6762.6,109.25,1311.0,454.3,5451.6,80.6,Yes
TRADJENTA,LINAGLIPTIN,Expired,2025-05-02,-322,Oral,TABLET;ORAL,5MG,2011-05-02,20,2011.0,5.0,175.52,2106.24,30.28,363.36,145.24,1742.88,82.7,Yes
JENTADUETO,LINAGLIPTIN; METFORMIN HYDROCHLORIDE,Expired,2025-05-02,-322,Oral,TABLET;ORAL,2.5MG;1GM,2012-01-30,57,2012.0,1.0,122.0,1464.0,18.14,217.68,103.86,1246.32,85.1,Yes
AEMCOLO,RIFAMYCIN SODIUM,Expired,2025-05-03,-321,Oral,"TABLET, DELAYED RELEASE;ORAL",EQ 194MG BASE,2018-11-16,4,2018.0,11.0,545.49,6545.88,102.19,1226.28,443.3,5319.6,81.3,Yes
PEXEVA,PAROXETINE MESYLATE,Expired,2025-05-04,-320,Oral,TABLET;ORAL,EQ 10MG BASE,2003-07-03,4,2003.0,7.0,320.05,3840.6,60.83,729.96,259.22,3110.64,81.0,Yes
BRISDELLE,PAROXETINE MESYLATE,Expired,2025-05-04,-320,Oral,CAPSULE;ORAL,EQ 7.5MG BASE,2013-06-28,4,2013.0,6.0,456.0,5472.0,64.83,777.96,391.17,4694.04,85.8,Yes
VIZIMPRO,DACOMITINIB,Expired,2025-05-05,-319,Oral,TABLET;ORAL,15MG,2018-09-27,12,2018.0,9.0,735.3,8823.6,93.89,1126.68,641.41,7696.92,87.2,Yes
APTIOM,ESLICARBAZEPINE ACETATE,Expired,2025-05-06,-318,Oral,TABLET;ORAL,200MG,2013-11-08,60,2013.0,11.0,274.5,3294.0,43.71,524.52,230.79,2769.48,84.1,Yes
VALTOCO,DIAZEPAM,Expired,2025-05-11,-313,Other,SPRAY;NASAL,5MG/SPRAY,2020-01-10,27,2020.0,1.0,305.19,3662.28,73.62,883.44,231.57,2778.84,75.9,Yes
ZYDELIG,IDELALISIB,Expired,2025-05-12,-312,Oral,TABLET;ORAL,100MG,2014-07-23,18,2014.0,7.0,628.89,7546.68,76.14,913.68,552.75,6633.0,87.9,Yes
LYMPHOSEEK KIT,TECHNETIUM TC-99M TILMANOCEPT,Expired,2025-05-12,-312,Injectable,INJECTABLE;INJECTION,,2013-03-13,2,2013.0,3.0,1072.0,12864.0,227.58,2730.96,844.42,10133.04,78.8,Yes
STRIVERDI RESPIMAT,OLODATEROL HYDROCHLORIDE,Expired,2025-05-12,-312,Respiratory,"SPRAY, METERED;INHALATION",EQ 0.0025MG BASE/INH,2014-07-31,3,2014.0,7.0,184.64,2215.68,48.59,583.08,136.05,1632.6,73.7,Yes
OLYSIO,SIMEPREVIR SODIUM,Expired,2025-05-19,-305,Oral,CAPSULE;ORAL,EQ 150MG BASE,2013-11-22,9,2013.0,11.0,302.83,3633.96,52.48,629.76,250.35,3004.2,82.7,Yes
BREO ELLIPTA,FLUTICASONE FUROATE; VILANTEROL TRIFENATATE,Expired,2025-05-21,-303,Respiratory,POWDER;INHALATION,0.05MG/INH;EQ 0.025MG BASE/INH,2023-05-12,43,2023.0,5.0,222.55,2670.6,47.44,569.28,175.11,2101.32,78.7,Yes
FYCOMPA,PERAMPANEL,Expired,2025-05-23,-301,Oral,SUSPENSION;ORAL,0.5MG/ML,2016-04-29,42,2016.0,4.0,750.79,9009.48,128.82,1545.84,621.97,7463.64,82.8,Yes
MIRVASO,BRIMONIDINE TARTRATE,Expired,2025-05-24,-300,Topical,GEL;TOPICAL,EQ 0.33% BASE,2013-08-23,11,2013.0,8.0,338.6,4063.2,81.57,978.84,257.03,3084.36,75.9,Yes
ONPATTRO,PATISIRAN SODIUM,Expired,2025-05-27,-297,Injectable,SOLUTION;INTRAVENOUS,EQ 10MG BASE/5ML (EQ 2MG BASE/ML),2018-08-10,14,2018.0,8.0,2083.51,25002.12,349.96,4199.52,1733.55,20802.6,83.2,Yes
ZOMETA,ZOLEDRONIC ACID,Expired,2025-05-29,-295,Injectable,INJECTABLE;INTRAVENOUS,EQ 4MG BASE/5ML **Federal Register determination that product was not discontinued or withdrawn for safety or effectiveness reasons**,2003-03-07,9,2003.0,3.0,2678.65,32143.8,465.43,5585.16,2213.22,26558.64,82.6,Yes
WINLEVI,CLASCOTERONE,Expired,2025-05-31,-293,Topical,CREAM;TOPICAL,1%,2020-08-26,10,2020.0,8.0,337.18,4046.16,83.33,999.96,253.85,3046.2,75.3,Yes
FOLOTYN,PRALATREXATE,Expired,2025-05-31,-293,Injectable,SOLUTION;INTRAVENOUS,20MG/ML (20MG/ML),2009-09-24,4,2009.0,9.0,966.43,11597.16,162.45,1949.4,803.98,9647.76,83.2,Yes
NUZYRA,OMADACYCLINE TOSYLATE,Expired,2025-06-02,-291,Injectable,POWDER;INTRAVENOUS,EQ 100MG BASE/VIAL,2018-10-02,15,2018.0,10.0,2731.4,32776.8,643.08,7716.96,2088.32,25059.84,76.5,Yes
CIPRODEX,CIPROFLOXACIN; DEXAMETHASONE,Expired,2025-06-04,-289,Other,SUSPENSION/DROPS;OTIC,0.3%;0.1%,2003-07-18,1,2003.0,7.0,369.67,4436.04,73.65,883.8,296.02,3552.24,80.1,Yes
ARIKAYCE KIT,AMIKACIN SULFATE,Expired,2025-06-06,-287,Respiratory,"SUSPENSION, LIPOSOMAL;INHALATION",EQ 590MG BASE/8.4ML,2018-09-28,14,2018.0,9.0,513.35,6160.2,115.36,1384.32,397.99,4775.88,77.5,Yes
BRIXADI,BUPRENORPHINE,Expired,2025-06-06,-287,Injectable,"SOLUTION, EXTENDED RELEASE;SUBCUTANEOUS",8MG/0.16ML (50MG/ML),2023-05-23,63,2023.0,5.0,2740.23,32882.76,649.64,7795.68,2090.59,25087.08,76.3,Yes
TAFINLAR,DABRAFENIB MESYLATE,Expired,2025-06-10,-283,Oral,CAPSULE;ORAL,EQ 50MG BASE,2013-05-29,68,2013.0,5.0,322.6,3871.2,46.63,559.56,275.97,3311.64,85.5,Yes
MEKINIST,TRAMETINIB DIMETHYL SULFOXIDE,Expired,2025-06-10,-283,Oral,SOLUTION;ORAL,EQ 0.05MG BASE/ML,2023-03-16,87,2023.0,3.0,177.04,2124.48,26.82,321.84,150.22,1802.64,84.9,Yes
POMALYST,POMALIDOMIDE,Expired,2025-06-17,-276,Oral,CAPSULE;ORAL,1MG,2013-02-08,36,2013.0,2.0,259.55,3114.6,35.28,423.36,224.27,2691.24,86.4,Yes
TOBI PODHALER,TOBRAMYCIN,Expired,2025-06-20,-273,Respiratory,POWDER;INHALATION,28MG,2013-03-22,4,2013.0,3.0,342.2,4106.4,88.73,1064.76,253.47,3041.64,74.1,Yes
LATUDA,LURASIDONE HYDROCHLORIDE,Expired,2025-06-23,-270,Oral,TABLET;ORAL,20MG,2011-12-07,65,2011.0,12.0,672.61,8071.32,78.26,939.12,594.35,7132.2,88.4,Yes
KALYDECO,IVACAFTOR,Expired,2025-06-24,-269,Oral,GRANULE;ORAL,5.8MG/PACKET,2023-05-03,184,2023.0,5.0,702.51,8430.12,97.72,1172.64,604.79,7257.48,86.1,Yes
SOLODYN,MINOCYCLINE HYDROCHLORIDE,Expired,2025-06-24,-269,Oral,"TABLET, EXTENDED RELEASE;ORAL",EQ 45MG BASE **Federal Register determination that product was not discontinued or withdrawn for safety or effectiveness reasons**,2006-05-08,39,2006.0,5.0,104.87,1258.44,20.65,247.8,84.22,1010.64,80.3,Yes
SYMDEKO (COPACKAGED),"IVACAFTOR; IVACAFTOR, TEZACAFTOR",Expired,2025-06-24,-269,Oral,TABLET;ORAL,"75MG;75MG, 50MG",2019-06-21,67,2019.0,6.0,457.52,5490.24,57.56,690.72,399.96,4799.52,87.4,Yes
XIMINO,MINOCYCLINE HYDROCHLORIDE,Expired,2025-06-24,-269,Oral,"CAPSULE, EXTENDED RELEASE;ORAL",EQ 45MG BASE,2012-07-11,18,2012.0,7.0,392.19,4706.28,64.98,779.76,327.21,3926.52,83.4,Yes
ALYFTREK,DEUTIVACAFTOR; TEZACAFTOR; VANZACAFTOR CALCIUM,Expired,2025-06-24,-269,Oral,TABLET;ORAL,50MG;20MG;EQ 4MG BASE,2024-12-20,63,2024.0,12.0,255.48,3065.76,33.86,406.32,221.62,2659.44,86.7,Yes
TRIKAFTA (COPACKAGED),"ELEXACAFTOR, IVACAFTOR, TEZACAFTOR; IVACAFTOR",Expired,2025-06-24,-269,Oral,GRANULES;ORAL,"80MG, 60MG, 40MG;59.5MG",2023-04-26,219,2023.0,4.0,183.91,2206.92,32.62,391.44,151.29,1815.48,82.3,Yes
NUCYNTA ER,TAPENTADOL HYDROCHLORIDE,Expired,2025-06-27,-266,Oral,"TABLET, EXTENDED RELEASE;ORAL",EQ 50MG BASE,2011-08-25,40,2011.0,8.0,336.33,4035.96,38.03,456.36,298.3,3579.6,88.7,Yes
NUCYNTA,TAPENTADOL HYDROCHLORIDE,Expired,2025-06-27,-266,Oral,SOLUTION;ORAL,EQ 20MG BASE/ML **Federal Register determination that product was not discontinued or withdrawn for safety or effectiveness reasons**,2012-10-15,8,2012.0,10.0,760.04,9120.48,149.71,1796.52,610.33,7323.96,80.3,Yes
EXONDYS 51,ETEPLIRSEN,Expired,2025-06-28,-265,Injectable,SOLUTION;INTRAVENOUS,100MG/2ML (50MG/ML),2016-09-19,26,2016.0,9.0,1308.01,15696.12,255.56,3066.72,1052.45,12629.4,80.5,Yes
VYONDYS 53,GOLODIRSEN,Expired,2025-06-28,-265,Injectable,SOLUTION;INTRAVENOUS,100MG/2ML (50MG/ML),2019-12-12,8,2019.0,12.0,1796.98,21563.76,311.96,3743.52,1485.02,17820.24,82.6,Yes
AMONDYS 45,CASIMERSEN,Expired,2025-06-28,-265,Injectable,SOLUTION;INTRAVENOUS,100MG/2ML (50MG/ML),2021-02-25,8,2021.0,2.0,2257.55,27090.6,355.22,4262.64,1902.33,22827.96,84.3,Yes
VYLEESI (AUTOINJECTOR),BREMELANOTIDE ACETATE,Expired,2025-06-28,-265,Injectable,SOLUTION;SUBCUTANEOUS,EQ 1.75MG BASE/0.3ML (EQ 1.75MG BASE/0.3 ML),2019-06-21,5,2019.0,6.0,1409.07,16908.84,235.28,2823.36,1173.79,14085.48,83.3,Yes
RYANODEX,DANTROLENE SODIUM,Expired,2025-06-30,-263,Injectable,FOR SUSPENSION;INTRAVENOUS,250MG/VIAL,2014-07-22,1,2014.0,7.0,2929.46,35153.52,591.68,7100.16,2337.78,28053.36,79.8,Yes
DOJOLVI,TRIHEPTANOIN,Expired,2025-07-01,-262,Oral,LIQUID;ORAL,100% w/w,2020-06-30,2,2020.0,6.0,773.71,9284.52,103.45,1241.4,670.26,8043.12,86.6,Yes
TROXYCA ER,NALTREXONE HYDROCHLORIDE; OXYCODONE HYDROCHLORIDE,Expired,2025-07-03,-260,Oral,"CAPSULE, EXTENDED RELEASE;ORAL",1.2MG;10MG,2016-08-19,12,2016.0,8.0,276.25,3315.0,50.52,606.24,225.73,2708.76,81.7,Yes
EMBEDA,MORPHINE SULFATE; NALTREXONE HYDROCHLORIDE,Expired,2025-07-03,-260,Oral,"CAPSULE, EXTENDED RELEASE;ORAL",20MG;0.8MG **Federal Register determination that product was not discontinued or withdrawn for safety or effectiveness reasons**,2009-08-13,54,2009.0,8.0,448.07,5376.84,64.11,769.32,383.96,4607.52,85.7,Yes
OMEGAVEN,FISH OIL TRIGLYCERIDES,Expired,2025-07-11,-252,Injectable,EMULSION;INTRAVENOUS,5GM/50ML (0.1GM/ML),2018-07-27,4,2018.0,7.0,1252.2,15026.4,218.97,2627.64,1033.23,12398.76,82.5,Yes
VEREGEN,SINECATECHINS,Expired,2025-07-12,-251,Topical,OINTMENT;TOPICAL,15%,2006-10-31,2,2006.0,10.0,171.15,2053.8,36.23,434.76,134.92,1619.04,78.8,Yes
QTERN,DAPAGLIFLOZIN; SAXAGLIPTIN HYDROCHLORIDE,Expired,2025-07-13,-250,Oral,TABLET;ORAL,5MG;EQ 5MG BASE,2019-05-02,30,2019.0,5.0,125.82,1509.84,21.47,257.64,104.35,1252.2,82.9,Yes
PROMACTA KIT,ELTROMBOPAG OLAMINE,Expired,2025-07-13,-250,Oral,FOR SUSPENSION;ORAL,EQ 12.5MG ACID/PACKET,2018-09-27,10,2018.0,9.0,526.7,6320.4,61.47,737.64,465.23,5582.76,88.3,Yes
PROMACTA,ELTROMBOPAG OLAMINE,Expired,2025-07-13,-250,Oral,TABLET;ORAL,EQ 12.5MG ACID,2011-10-20,79,2011.0,10.0,451.88,5422.56,52.76,633.12,399.12,4789.44,88.3,Yes
QTERNMET XR,DAPAGLIFLOZIN; METFORMIN HYDROCHLORIDE; SAXAGLIPTIN HYDROCHLORIDE,Expired,2025-07-13,-250,Oral,"TABLET, EXTENDED RELEASE;ORAL",2.5MG;1GM;EQ 2.5MG BASE,2019-05-02,44,2019.0,5.0,136.04,1632.48,14.1,169.2,121.94,1463.28,89.6,Yes
KOMBIGLYZE XR,METFORMIN HYDROCHLORIDE; SAXAGLIPTIN HYDROCHLORIDE,Expired,2025-07-13,-250,Oral,"TABLET, EXTENDED RELEASE;ORAL",1GM;EQ 2.5MG BASE **Federal Register determination that product was not discontinued or withdrawn for safety or effectiveness reasons**,2010-11-05,6,2010.0,11.0,295.05,3540.6,51.23,614.76,243.82,2925.84,82.6,Yes
OSPHENA,OSPEMIFENE,Expired,2025-07-21,-242,Oral,TABLET;ORAL,60MG,2013-02-26,6,2013.0,2.0,735.79,8829.48,122.42,1469.04,613.37,7360.44,83.4,Yes
SAXENDA,LIRAGLUTIDE,Expired,2025-08-13,-219,Injectable,SOLUTION;SUBCUTANEOUS,18MG/3ML (6MG/ML),2014-12-23,4,2014.0,12.0,1098.9,13186.8,216.99,2603.88,881.91,10582.92,80.3,Yes
VICTOZA,LIRAGLUTIDE,Expired,2025-08-13,-219,Injectable,SOLUTION;SUBCUTANEOUS,18MG/3ML (6MG/ML),2010-01-25,4,2010.0,1.0,862.24,10346.88,202.12,2425.44,660.12,7921.44,76.6,Yes
OZEMPIC,SEMAGLUTIDE,Expired,2025-08-13,-219,Injectable,SOLUTION;SUBCUTANEOUS,2MG/1.5ML (1.34MG/ML),2017-12-05,72,2017.0,12.0,1723.63,20683.56,397.41,4768.92,1326.22,15914.64,76.9,Yes
OMEPRAZOLE,OMEPRAZOLE,Expired,2025-08-16,-216,Oral,"TABLET, DELAYED RELEASE;ORAL",20MG,2007-12-04,3,2007.0,12.0,789.96,9479.52,125.24,1502.88,664.72,7976.64,84.1,Yes
ONZETRA XSAIL,SUMATRIPTAN SUCCINATE,Expired,2025-08-18,-214,Other,POWDER;NASAL,EQ 11MG BASE,2016-01-27,21,2016.0,1.0,221.03,2652.36,52.35,628.2,168.68,2024.16,76.3,Yes
GENOSYL,NITRIC OXIDE,Expired,2025-08-18,-214,Respiratory,GAS;INHALATION,800PPM,2019-12-20,24,2019.0,12.0,452.46,5429.52,99.81,1197.72,352.65,4231.8,77.9,Yes
QOLIANA,BRIMONIDINE TARTRATE,Expired,2025-08-19,-213,Eye Care,SOLUTION/DROPS;OPHTHALMIC,0.15%,2006-05-22,1,2006.0,5.0,404.65,4855.8,44.99,539.88,359.66,4315.92,88.9,Yes
TYVASO DPI,TREPROSTINIL,Expired,2025-08-23,-209,Respiratory,POWDER;INHALATION,0.016MG/INH,2022-05-23,35,2022.0,5.0,256.94,3083.28,58.32,699.84,198.62,2383.44,77.3,Yes
ACETADOTE,ACETYLCYSTEINE,Expired,2025-08-24,-208,Injectable,INJECTABLE;INTRAVENOUS,6GM/30ML (200MG/ML),2004-01-23,5,2004.0,1.0,2320.54,27846.48,361.33,4335.96,1959.21,23510.52,84.4,Yes
ZURAMPIC,LESINURAD,Expired,2025-08-25,-207,Oral,TABLET;ORAL,200MG,2015-12-22,12,2015.0,12.0,357.45,4289.4,54.73,656.76,302.72,3632.64,84.7,Yes
DUZALLO,ALLOPURINOL; LESINURAD,Expired,2025-08-25,-207,Oral,TABLET;ORAL,200MG;200MG,2017-08-18,18,2017.0,8.0,542.61,6511.32,105.08,1260.96,437.53,5250.36,80.6,Yes
GIVLAARI,GIVOSIRAN SODIUM,Expired,2025-08-28,-204,Injectable,SOLUTION;SUBCUTANEOUS,EQ 189MG BASE/ML (EQ 189MG BASE/ML),2019-11-20,9,2019.0,11.0,2083.82,25005.84,320.77,3849.24,1763.05,21156.6,84.6,Yes
OLUX E,CLOBETASOL PROPIONATE,Expired,2025-08-31,-201,Respiratory,"AEROSOL, FOAM;TOPICAL",0.05% **Federal Register determination that product was not discontinued or withdrawn for safety or effectiveness reasons**,2007-01-12,2,2007.0,1.0,391.1,4693.2,83.0,996.0,308.1,3697.2,78.8,Yes
VERDESO,DESONIDE,Expired,2025-08-31,-201,Respiratory,"AEROSOL, FOAM;TOPICAL",0.05%,2006-09-19,3,2006.0,9.0,190.63,2287.56,46.75,561.0,143.88,1726.56,75.5,Yes
AMITIZA,LUBIPROSTONE,Expired,2025-09-01,-200,Oral,CAPSULE;ORAL,8MCG,2008-04-29,8,2008.0,4.0,684.71,8216.52,132.41,1588.92,552.3,6627.6,80.7,Yes
ERIVEDGE,VISMODEGIB,Expired,2025-09-02,-199,Oral,CAPSULE;ORAL,150MG,2012-01-30,3,2012.0,1.0,324.55,3894.6,42.72,512.64,281.83,3381.96,86.8,Yes
VIZAMYL,FLUTEMETAMOL F-18,Expired,2025-09-03,-198,Injectable,INJECTABLE;INTRAVENOUS,40.5mCi/10ML (4.05mCi/ML),2013-10-25,4,2013.0,10.0,966.3,11595.6,193.96,2327.52,772.34,9268.08,79.9,Yes
QUTENZA,CAPSAICIN,Expired,2025-09-06,-195,Topical,PATCH;TOPICAL,8%,2009-11-16,3,2009.0,11.0,93.05,1116.6,14.34,172.08,78.71,944.52,84.6,Yes
PRADAXA,DABIGATRAN ETEXILATE MESYLATE,Expired,2025-09-07,-194,Oral,CAPSULE;ORAL,EQ 75MG BASE,2010-10-19,24,2010.0,10.0,513.63,6163.56,58.98,707.76,454.65,5455.8,88.5,Yes
COREG CR,CARVEDILOL PHOSPHATE,Expired,2025-09-11,-190,Oral,"CAPSULE, EXTENDED RELEASE;ORAL",10MG,2006-10-20,8,2006.0,10.0,574.3,6891.6,114.09,1369.08,460.21,5522.52,80.1,Yes
PROLENSA,BROMFENAC SODIUM,Expired,2025-09-11,-190,Eye Care,SOLUTION/DROPS;OPHTHALMIC,EQ 0.07% ACID,2013-04-05,3,2013.0,4.0,106.64,1279.68,20.96,251.52,85.68,1028.16,80.3,Yes
EPIPEN,EPINEPHRINE,Expired,2025-09-11,-190,Injectable,"INJECTABLE;INTRAMUSCULAR, SUBCUTANEOUS",0.3MG/DELIVERY,1987-12-22,5,1987.0,12.0,1780.23,21362.76,267.91,3214.92,1512.32,18147.84,85.0,Yes
EPIPEN JR.,EPINEPHRINE,Expired,2025-09-11,-190,Injectable,"INJECTABLE;INTRAMUSCULAR, SUBCUTANEOUS",0.15MG/DELIVERY,1987-12-22,5,1987.0,12.0,1066.24,12794.88,261.42,3137.04,804.82,9657.84,75.5,Yes
OPANA ER,OXYMORPHONE HYDROCHLORIDE,Expired,2025-09-15,-186,Oral,"TABLET, EXTENDED RELEASE;ORAL",5MG **Federal Register determination that product was not discontinued or withdrawn for safety or effectiveness reasons**,2006-06-22,42,2006.0,6.0,551.62,6619.44,90.42,1085.04,461.2,5534.4,83.6,Yes
POSIMIR,BUPIVACAINE,Expired,2025-09-15,-186,Other,SOLUTION;INFILTRATION,660MG/5ML (132MG/ML),2021-02-01,6,2021.0,2.0,187.18,2246.16,44.32,531.84,142.86,1714.32,76.3,Yes
COMBOGESIC,ACETAMINOPHEN; IBUPROFEN,Expired,2025-09-22,-179,Oral,TABLET;ORAL,325MG;97.5MG,2023-03-01,3,2023.0,3.0,583.66,7003.92,84.91,1018.92,498.75,5985.0,85.5,Yes
NUPLAZID,PIMAVANSERIN TARTRATE,Expired,2025-09-26,-175,Oral,CAPSULE;ORAL,EQ 34MG BASE,2018-06-28,18,2018.0,6.0,370.71,4448.52,56.18,674.16,314.53,3774.36,84.8,Yes
FANAPT,ILOPERIDONE,Expired,2025-09-30,-171,Oral,TABLET;ORAL,1MG,2009-05-06,63,2009.0,5.0,755.71,9068.52,112.51,1350.12,643.2,7718.4,85.1,Yes
OFEV,NINTEDANIB ESYLATE,Expired,2025-10-01,-170,Oral,CAPSULE;ORAL,EQ 100MG BASE,2014-10-15,16,2014.0,10.0,196.26,2355.12,32.71,392.52,163.55,1962.6,83.3,Yes
FEMTRACE,ESTRADIOL ACETATE,Expired,2025-10-02,-169,Oral,TABLET;ORAL,0.45MG,2004-08-20,3,2004.0,8.0,338.75,4065.0,38.61,463.32,300.14,3601.68,88.6,Yes
TREXIMET,NAPROXEN SODIUM; SUMATRIPTAN SUCCINATE,Expired,2025-10-02,-169,Oral,TABLET;ORAL,60MG;EQ 10MG BASE,2015-05-14,4,2015.0,5.0,179.43,2153.16,18.48,221.76,160.95,1931.4,89.7,Yes
XIGDUO XR,DAPAGLIFLOZIN; METFORMIN HYDROCHLORIDE,Expired,2025-10-04,-167,Oral,"TABLET, EXTENDED RELEASE;ORAL",2.5MG;1GM,2017-07-28,50,2017.0,7.0,747.29,8967.48,97.74,1172.88,649.55,7794.6,86.9,Yes
XELSTRYM,DEXTROAMPHETAMINE,Expired,2025-10-07,-164,Other,SYSTEM;TRANSDERMAL,4.5MG/9HR,2022-03-22,24,2022.0,3.0,538.67,6464.04,118.76,1425.12,419.91,5038.92,78.0,Yes
DAYTRANA,METHYLPHENIDATE,Expired,2025-10-07,-164,Other,"FILM, EXTENDED RELEASE;TRANSDERMAL",10MG/9HR (1.1MG/HR),2006-04-06,12,2006.0,4.0,228.97,2747.64,38.97,467.64,190.0,2280.0,83.0,Yes
QUARTETTE,ETHINYL ESTRADIOL; LEVONORGESTREL,Expired,2025-10-07,-164,Oral,TABLET;ORAL,"0.02MG,0.15MG;0.025MG,0.15MG;0.03MG,0.15MG;0.01MG,N/A",2013-03-28,2,2013.0,3.0,561.99,6743.88,94.05,1128.6,467.94,5615.28,83.3,Yes
BAXDELA,DELAFLOXACIN MEGLUMINE,Expired,2025-10-07,-164,Injectable,POWDER;INTRAVENOUS,EQ 300MG BASE/VIAL,2017-06-19,22,2017.0,6.0,2543.06,30516.72,628.11,7537.32,1914.95,22979.4,75.3,Yes
NERLYNX,NERATINIB MALEATE,Expired,2025-10-08,-163,Oral,TABLET;ORAL,EQ 40MG BASE,2017-07-17,23,2017.0,7.0,488.64,5863.68,53.45,641.4,435.19,5222.28,89.1,Yes
ZOKINVY,LONAFARNIB,Expired,2025-10-17,-154,Oral,CAPSULE;ORAL,50MG,2020-11-20,4,2020.0,11.0,470.76,5649.12,78.74,944.88,392.02,4704.24,83.3,Yes
NAROPIN,ROPIVACAINE HYDROCHLORIDE,Expired,2025-10-18,-153,Injectable,SOLUTION;INJECTION,200MG/100ML (2MG/ML),1996-09-24,4,1996.0,9.0,1104.63,13255.56,214.71,2576.52,889.92,10679.04,80.6,Yes
LENVIMA,LENVATINIB MESYLATE,Expired,2025-10-24,-147,Oral,CAPSULE;ORAL,EQ 4MG BASE,2015-02-13,42,2015.0,2.0,165.17,1982.04,30.86,370.32,134.31,1611.72,81.3,Yes
TRUQAP,CAPIVASERTIB,Expired,2025-10-25,-146,Oral,TABLET;ORAL,160MG,2023-11-16,18,2023.0,11.0,728.05,8736.6,85.7,1028.4,642.35,7708.2,88.2,Yes
RENVELA,SEVELAMER CARBONATE,Expired,2025-10-27,-144,Oral,FOR SUSPENSION;ORAL,2.4GM/PACKET,2009-02-18,3,2009.0,2.0,730.29,8763.48,123.61,1483.32,606.68,7280.16,83.1,Yes
ZETIA,EZETIMIBE,Expired,2025-10-30,-141,Oral,TABLET;ORAL,10MG,2002-10-25,3,2002.0,10.0,543.17,6518.04,99.84,1198.08,443.33,5319.96,81.6,Yes
CRESEMBA,ISAVUCONAZONIUM SULFATE,Expired,2025-10-31,-140,Oral,CAPSULE;ORAL,74.5MG,2022-11-22,14,2022.0,11.0,337.32,4047.84,65.6,787.2,271.72,3260.64,80.6,Yes
GATTEX KIT,TEDUGLUTIDE,Expired,2025-11-01,-139,Injectable,POWDER;SUBCUTANEOUS,5MG/VIAL,2012-12-21,4,2012.0,12.0,1373.02,16476.24,299.76,3597.12,1073.26,12879.12,78.2,Yes
AFINITOR,EVEROLIMUS,Expired,2025-11-01,-139,Oral,TABLET;ORAL,2.5MG,2010-07-09,12,2010.0,7.0,608.17,7298.04,91.05,1092.6,517.12,6205.44,85.0,Yes
ASTEPRO ALLERGY,AZELASTINE HYDROCHLORIDE,Expired,2025-11-22,-118,Other,"SPRAY, METERED;NASAL",0.2055MG/SPRAY,2021-06-17,3,2021.0,6.0,548.56,6582.72,116.18,1394.16,432.38,5188.56,78.8,Yes
ASTEPRO,AZELASTINE HYDROCHLORIDE,Expired,2025-11-22,-118,Other,"SPRAY, METERED;NASAL",0.137MG/SPRAY **Federal Register determination that product was not discontinued or withdrawn for safety or effectiveness reasons**,2008-10-15,5,2008.0,10.0,543.54,6522.48,128.76,1545.12,414.78,4977.36,76.3,Yes
CHILDREN'S ASTEPRO ALLERGY,AZELASTINE HYDROCHLORIDE,Expired,2025-11-22,-118,Other,"SPRAY, METERED;NASAL",0.2055MG/SPRAY,2021-06-17,3,2021.0,6.0,489.94,5879.28,101.45,1217.4,388.49,4661.88,79.3,Yes
NAMZARIC,DONEPEZIL HYDROCHLORIDE; MEMANTINE HYDROCHLORIDE,Expired,2025-11-22,-118,Oral,"CAPSULE, EXTENDED RELEASE;ORAL",10MG;7MG,2016-07-18,28,2016.0,7.0,549.42,6593.04,56.61,679.32,492.81,5913.72,89.7,Yes
GOCOVRI,AMANTADINE HYDROCHLORIDE,Expired,2025-11-23,-117,Oral,"CAPSULE, EXTENDED RELEASE;ORAL",EQ 68.5MG BASE,2017-08-24,48,2017.0,8.0,158.9,1906.8,30.68,368.16,128.22,1538.64,80.7,Yes
LYBALVI,OLANZAPINE; SAMIDORPHAN L-MALATE,Expired,2025-11-23,-117,Oral,TABLET;ORAL,5MG;EQ 10MG BASE,2021-05-28,88,2021.0,5.0,213.14,2557.68,36.01,432.12,177.13,2125.56,83.1,Yes
OSMOLEX ER,AMANTADINE HYDROCHLORIDE,Expired,2025-11-23,-117,Oral,"TABLET, EXTENDED RELEASE;ORAL",EQ 129MG BASE,2018-02-16,102,2018.0,2.0,728.99,8747.88,122.22,1466.64,606.77,7281.24,83.2,Yes
EPIDUO,ADAPALENE; BENZOYL PEROXIDE,Expired,2025-11-23,-117,Topical,GEL;TOPICAL,0.1%;2.5%,2008-12-08,4,2008.0,12.0,274.06,3288.72,47.02,564.24,227.04,2724.48,82.8,Yes
SPY AGENT GREEN KIT,INDOCYANINE GREEN,Expired,2025-11-24,-116,Injectable,"POWDER;INTRAVENOUS, INTERSTITIAL",25MG/VIAL,2018-11-21,8,2018.0,11.0,522.99,6275.88,112.91,1354.92,410.08,4920.96,78.4,Yes
LONHALA MAGNAIR KIT,GLYCOPYRROLATE,Expired,2025-11-25,-115,Respiratory,SOLUTION;INHALATION,25MCG/ML,2017-12-05,10,2017.0,12.0,195.66,2347.92,46.84,562.08,148.82,1785.84,76.1,Yes
NEUPRO,ROTIGOTINE,Expired,2025-11-27,-113,Other,"FILM, EXTENDED RELEASE;TRANSDERMAL",1MG/24HR,2012-04-02,36,2012.0,4.0,431.75,5181.0,92.88,1114.56,338.87,4066.44,78.5,Yes
NEVANAC,NEPAFENAC,Expired,2025-12-02,-108,Eye Care,SUSPENSION/DROPS;OPHTHALMIC,0.1%,2005-08-19,3,2005.0,8.0,102.02,1224.24,11.29,135.48,90.73,1088.76,88.9,Yes
SPINRAZA,NUSINERSEN SODIUM,Expired,2025-12-05,-105,Other,SOLUTION;INTRATHECAL,EQ 12MG BASE/5ML (EQ 2.4MG BASE/ML),2016-12-23,26,2016.0,12.0,180.4,2164.8,38.93,467.16,141.47,1697.64,78.4,Yes
OPSUMIT,MACITENTAN,Expired,2025-12-05,-105,Oral,TABLET;ORAL,10MG,2013-10-18,10,2013.0,10.0,484.11,5809.32,96.79,1161.48,387.32,4647.84,80.0,Yes
OPSYNVI,MACITENTAN; TADALAFIL,Expired,2025-12-05,-105,Oral,TABLET;ORAL,10MG;20MG,2024-03-22,12,2024.0,3.0,584.33,7011.96,61.25,735.0,523.08,6276.96,89.5,Yes
XELJANZ XR,TOFACITINIB CITRATE,Expired,2025-12-08,-102,Oral,"TABLET, EXTENDED RELEASE;ORAL",EQ 11MG BASE,2016-02-23,18,2016.0,2.0,556.37,6676.44,110.0,1320.0,446.37,5356.44,80.2,Yes
XELJANZ,TOFACITINIB CITRATE,Expired,2025-12-08,-102,Oral,SOLUTION;ORAL,EQ 1MG BASE/ML,2020-09-25,6,2020.0,9.0,256.99,3083.88,36.16,433.92,220.83,2649.96,85.9,Yes
JEVTANA KIT,CABAZITAXEL,Expired,2025-12-10,-100,Injectable,SOLUTION;INTRAVENOUS,60MG/1.5ML (40MG/ML),2010-06-17,7,2010.0,6.0,2280.45,27365.4,540.64,6487.68,1739.81,20877.72,76.3,Yes
BOSULIF,BOSUTINIB MONOHYDRATE,Expired,2025-12-11,-99,Oral,CAPSULE;ORAL,EQ 50MG BASE,2023-09-26,53,2023.0,9.0,266.07,3192.84,47.42,569.04,218.65,2623.8,82.2,Yes
PONVORY,PONESIMOD,Expired,2025-12-17,-93,Oral,TABLET;ORAL,2MG,2021-03-18,60,2021.0,3.0,327.78,3933.36,51.36,616.32,276.42,3317.04,84.3,Yes
AKLIEF,TRIFAROTENE,Expired,2025-12-21,-89,Topical,CREAM;TOPICAL,0.005%,2019-10-04,5,2019.0,10.0,318.88,3826.56,71.38,856.56,247.5,2970.0,77.6,Yes
ORACEA,DOXYCYCLINE,Expired,2025-12-24,-86,Oral,CAPSULE;ORAL,40MG,2006-05-26,2,2006.0,5.0,554.74,6656.88,104.21,1250.52,450.53,5406.36,81.2,Yes
ORSERDU,ELACESTRANT HYDROCHLORIDE,Expired,2025-12-25,-85,Oral,TABLET;ORAL,EQ 86MG BASE,2023-01-27,16,2023.0,1.0,694.46,8333.52,97.51,1170.12,596.95,7163.4,86.0,Yes
SIGNIFOR,PASIREOTIDE DIASPARTATE,Expired,2025-12-27,-83,Injectable,SOLUTION;SUBCUTANEOUS,EQ 0.3MG BASE/ML (EQ 0.3MG BASE/ML),2012-12-14,6,2012.0,12.0,2144.03,25728.36,391.72,4700.64,1752.31,21027.72,81.7,Yes
RYTELO,IMETELSTAT SODIUM,Expired,2025-12-27,-83,Injectable,POWDER;INTRAVENOUS,EQ 47MG BASE/VIAL,2024-06-06,12,2024.0,6.0,1920.77,23049.24,416.34,4996.08,1504.43,18053.16,78.3,Yes
KLISYRI,TIRBANIBULIN,Expired,2025-12-28,-82,Topical,OINTMENT;TOPICAL,1%,2020-12-14,8,2020.0,12.0,109.98,1319.76,25.38,304.56,84.6,1015.2,76.9,Yes
EMBLAVEO,AVIBACTAM SODIUM; AZTREONAM,Expired,2026-01-07,-72,Injectable,POWDER;INTRAVENOUS,EQ 0.5GM BASE/VIAL;1.5GM/VIAL,2025-02-07,7,2025.0,2.0,1419.29,17031.48,321.08,3852.96,1098.21,13178.52,77.4,Yes
AVYCAZ,AVIBACTAM SODIUM; CEFTAZIDIME,Expired,2026-01-07,-72,Injectable,POWDER;INTRAVENOUS,EQ 0.5GM BASE;2GM/VIAL,2015-02-25,10,2015.0,2.0,1163.01,13956.12,267.24,3206.88,895.77,10749.24,77.0,Yes
RECORLEV,LEVOKETOCONAZOLE,Expired,2026-01-10,-69,Oral,TABLET;ORAL,150MG,2021-12-30,9,2021.0,12.0,270.79,3249.48,38.87,466.44,231.92,2783.04,85.6,Yes
FETZIMA,LEVOMILNACIPRAN HYDROCHLORIDE,Expired,2026-01-11,-68,Oral,"CAPSULE, EXTENDED RELEASE;ORAL",EQ 20MG BASE,2013-07-25,12,2013.0,7.0,781.11,9373.32,141.99,1703.88,639.12,7669.44,81.8,Yes
TREANDA,BENDAMUSTINE HYDROCHLORIDE,Expired,2026-01-12,-67,Injectable,POWDER;INTRAVENOUS,25MG/VIAL,2009-05-01,46,2009.0,5.0,1482.74,17792.88,240.23,2882.76,1242.51,14910.12,83.8,Yes
BELRAPZO,BENDAMUSTINE HYDROCHLORIDE,Expired,2026-01-12,-67,Injectable,SOLUTION;INTRAVENOUS,100MG/4ML (25MG/ML),2018-05-15,20,2018.0,5.0,2730.12,32761.44,558.17,6698.04,2171.95,26063.4,79.6,Yes
BENDEKA,BENDAMUSTINE HYDROCHLORIDE,Expired,2026-01-12,-67,Injectable,SOLUTION;INTRAVENOUS,100MG/4ML (25MG/ML),2015-12-07,32,2015.0,12.0,2077.85,24934.2,312.87,3754.44,1764.98,21179.76,84.9,Yes
GILOTRIF,AFATINIB DIMALEATE,Expired,2026-01-13,-66,Oral,TABLET;ORAL,EQ 20MG BASE,2013-07-12,30,2013.0,7.0,656.37,7876.44,86.94,1043.28,569.43,6833.16,86.8,Yes
DUVYZAT,GIVINOSTAT HYDROCHLORIDE,Expired,2026-01-15,-64,Oral,SUSPENSION;ORAL,EQ 8.86MG BASE/ML,2024-03-21,4,2024.0,3.0,451.85,5422.2,61.74,740.88,390.11,4681.32,86.3,Yes
ATELVIA,RISEDRONATE SODIUM,Expired,2026-01-16,-63,Oral,"TABLET, DELAYED RELEASE;ORAL",35MG,2010-10-08,3,2010.0,10.0,503.83,6045.96,70.34,844.08,433.49,5201.88,86.0,Yes
DEXILANT,DEXLANSOPRAZOLE,Expired,2026-01-17,-62,Oral,"CAPSULE, DELAYED RELEASE;ORAL",30MG,2009-01-30,28,2009.0,1.0,444.76,5337.12,75.41,904.92,369.35,4432.2,83.0,Yes
LUPKYNIS,VOCLOSPORIN,Expired,2026-01-17,-62,Oral,CAPSULE;ORAL,7.9MG,2021-01-22,3,2021.0,1.0,236.67,2840.04,32.86,394.32,203.81,2445.72,86.1,Yes
DEXILANT SOLUTAB,DEXLANSOPRAZOLE,Expired,2026-01-17,-62,Oral,"TABLET, ORALLY DISINTEGRATING, DELAYED RELEASE;ORAL",30MG,2016-01-26,7,2016.0,1.0,605.72,7268.64,87.75,1053.0,517.97,6215.64,85.5,Yes
SPIRIVA,TIOTROPIUM BROMIDE,Expired,2026-01-19,-60,Respiratory,POWDER;INHALATION,EQ 0.018MG BASE/INH,2004-01-30,2,2004.0,1.0,276.35,3316.2,61.83,741.96,214.52,2574.24,77.6,Yes
TAVALISSE,FOSTAMATINIB DISODIUM,Expired,2026-01-19,-60,Oral,TABLET;ORAL,EQ 100MG BASE,2018-04-17,28,2018.0,4.0,117.02,1404.24,16.07,192.84,100.95,1211.4,86.3,Yes
FORZINITY,ELAMIPRETIDE HYDROCHLORIDE,Expired,2026-01-20,-59,Injectable,SOLUTION;SUBCUTANEOUS,EQ 280MG BASE/3.5ML (EQ 80MG BASE/ML),2025-09-19,6,2025.0,9.0,2113.68,25364.16,365.09,4381.08,1748.59,20983.08,82.7,Yes
TORISEL,TEMSIROLIMUS,Expired,2026-01-20,-59,Injectable,SOLUTION;INTRAVENOUS,25MG/ML (25MG/ML),2007-05-30,5,2007.0,5.0,942.78,11313.36,148.32,1779.84,794.46,9533.52,84.3,Yes
OTREXUP,METHOTREXATE,Expired,2026-01-24,-55,Injectable,SOLUTION;SUBCUTANEOUS,7.5MG/0.4ML (7.5MG/0.4ML),2014-11-07,120,2014.0,11.0,2851.15,34213.8,599.72,7196.64,2251.43,27017.16,79.0,Yes
XYOSTED (AUTOINJECTOR),TESTOSTERONE ENANTHATE,Expired,2026-01-24,-55,Injectable,SOLUTION;SUBCUTANEOUS,50MG/0.5ML (50MG/0.5ML),2018-09-28,69,2018.0,9.0,2884.82,34617.84,625.49,7505.88,2259.33,27111.96,78.3,Yes
PRIMATENE MIST,EPINEPHRINE,Expired,2026-01-26,-53,Respiratory,"AEROSOL, METERED;INHALATION",0.125MG/INH,2018-11-07,1,2018.0,11.0,561.69,6740.28,147.13,1765.56,414.56,4974.72,73.8,Yes
BRIDION,SUGAMMADEX SODIUM,Expired,2026-01-27,-52,Injectable,SOLUTION;INTRAVENOUS,EQ 200MG BASE/2ML (EQ 100MG BASE/ML),2015-12-15,4,2015.0,12.0,1425.4,17104.8,279.88,3358.56,1145.52,13746.24,80.4,Yes
VERKAZIA,CYCLOSPORINE,Expired,2026-01-27,-52,Eye Care,EMULSION;OPHTHALMIC,0.1%,2021-06-23,7,2021.0,6.0,106.18,1274.16,14.65,175.8,91.53,1098.36,86.2,Yes
MYFEMBREE,ESTRADIOL; NORETHINDRONE ACETATE; RELUGOLIX,Expired,2026-01-28,-51,Oral,TABLET;ORAL,1MG;0.5MG;40MG,2021-05-26,7,2021.0,5.0,749.82,8997.84,139.72,1676.64,610.1,7321.2,81.4,Yes
ORGOVYX,RELUGOLIX,Expired,2026-01-28,-51,Oral,TABLET;ORAL,120MG,2020-12-18,11,2020.0,12.0,399.73,4796.76,60.72,728.64,339.01,4068.12,84.8,Yes
FLYRCADO,FLURPIRIDAZ F-18,Expired,2026-02-04,-44,Injectable,SOLUTION;INTRAVENOUS,5-55mCi/ML,2024-09-27,6,2024.0,9.0,2916.64,34999.68,577.26,6927.12,2339.38,28072.56,80.2,Yes
INJECTAFER,FERRIC CARBOXYMALTOSE,Expired,2026-02-05,-43,Injectable,SOLUTION;INTRAVENOUS,1GM IRON/20ML (50MG IRON/ML),2021-04-28,90,2021.0,4.0,2909.05,34908.6,443.82,5325.84,2465.23,29582.76,84.7,Yes
SKELAXIN,METAXALONE,Expired,2026-02-06,-42,Oral,TABLET;ORAL,800MG **Federal Register determination that product was not discontinued or withdrawn for safety or effectiveness reasons**,2002-08-30,1,2002.0,8.0,697.11,8365.32,93.5,1122.0,603.61,7243.32,86.6,Yes
WAKIX,PITOLISANT HYDROCHLORIDE,Expired,2026-02-06,-42,Oral,TABLET;ORAL,EQ 4.45MG BASE,2019-08-14,10,2019.0,8.0,306.11,3673.32,42.25,507.0,263.86,3166.32,86.2,Yes
TEKTURNA,ALISKIREN HEMIFUMARATE,Expired,2026-02-19,-29,Oral,TABLET;ORAL,EQ 150MG BASE,2007-03-05,4,2007.0,3.0,369.57,4434.84,51.7,620.4,317.87,3814.44,86.0,Yes
BRIVIACT,BRIVARACETAM,Expired,2026-02-21,-27,Injectable,SOLUTION;INTRAVENOUS,50MG/5ML (10MG/ML),2016-05-12,13,2016.0,5.0,2627.84,31534.08,546.64,6559.68,2081.2,24974.4,79.2,Yes
ELEPSIA XR,LEVETIRACETAM,Expired,2026-02-22,-26,Oral,"TABLET, EXTENDED RELEASE;ORAL",1GM,2018-12-20,10,2018.0,12.0,321.85,3862.2,49.36,592.32,272.49,3269.88,84.7,Yes
JUBLIA,EFINACONAZOLE,Expired,2026-02-22,-26,Topical,SOLUTION;TOPICAL,10%,2014-06-06,18,2014.0,6.0,134.24,1610.88,28.3,339.6,105.94,1271.28,78.9,Yes
CORLANOR,IVABRADINE,Expired,2026-02-22,-26,Oral,SOLUTION;ORAL,5MG/5ML (1MG/ML),2019-04-22,20,2019.0,4.0,489.76,5877.12,86.44,1037.28,403.32,4839.84,82.4,Yes
DYMISTA,AZELASTINE HYDROCHLORIDE; FLUTICASONE PROPIONATE,Expired,2026-02-24,-24,Other,"SPRAY, METERED;NASAL",0.137MG/SPRAY;0.05MG/SPRAY,2012-05-01,2,2012.0,5.0,568.08,6816.96,131.4,1576.8,436.68,5240.16,76.9,Yes
FLOVENT HFA,FLUTICASONE PROPIONATE,Expired,2026-02-26,-22,Respiratory,"AEROSOL, METERED;INHALATION",0.11MG/INH,2004-05-14,4,2004.0,5.0,463.21,5558.52,125.91,1510.92,337.3,4047.6,72.8,Yes
NAPROXEN SODIUM,NAPROXEN SODIUM,Expired,2026-03-03,-17,Oral,CAPSULE;ORAL,EQ 200MG BASE,2006-02-17,8,2006.0,2.0,499.04,5988.48,97.59,1171.08,401.45,4817.4,80.4,Yes
VALCHLOR,MECHLORETHAMINE HYDROCHLORIDE,Expired,2026-03-07,-13,Topical,GEL;TOPICAL,EQ 0.016% BASE,2013-08-23,6,2013.0,8.0,111.1,1333.2,16.87,202.44,94.23,1130.76,84.8,Yes
KOSELUGO,SELUMETINIB SULFATE,Expired,2026-03-13,-7,Oral,CAPSULE;ORAL,EQ 10MG BASE,2020-04-10,24,2020.0,4.0,530.51,6366.12,63.44,761.28,467.07,5604.84,88.0,Yes
MEKTOVI,BINIMETINIB,Expired,2026-03-13,-7,Oral,TABLET;ORAL,15MG,2018-06-27,9,2018.0,6.0,793.04,9516.48,79.9,958.8,713.14,8557.68,89.9,Yes
TYGACIL,TIGECYCLINE,Expired,2026-03-13,-7,Injectable,POWDER;INTRAVENOUS,50MG/VIAL,2005-06-15,6,2005.0,6.0,850.21,10202.52,182.58,2190.96,667.63,8011.56,78.5,Yes
RYBELSUS,SEMAGLUTIDE,Active,2026-03-20,0,Oral,TABLET;ORAL,1.5MG,2024-12-09,58,2024.0,12.0,462.83,5553.96,,,,,,No
WEGOVY,SEMAGLUTIDE,Active,2026-03-20,0,Injectable,SOLUTION;SUBCUTANEOUS,0.25MG/0.5ML (0.25MG/0.5ML),2021-06-04,41,2021.0,6.0,2693.43,32321.16,,,,,,No
GRAFAPEX,TREOSULFAN,Active,2026-03-21,1,Injectable,POWDER;INTRAVENOUS,1GM/VIAL,2025-01-21,2,2025.0,1.0,2351.92,28223.04,,,,,,No
WAINUA (AUTOINJECTOR),EPLONTERSEN SODIUM,Active,2026-04-01,12,Injectable,SOLUTION;SUBCUTANEOUS,EQ 45MG BASE/0.8ML (EQ 45MG BASE/0.8ML),2023-12-21,4,2023.0,12.0,2242.54,26910.48,,,,,,No
SINUVA,MOMETASONE FUROATE,Active,2026-04-04,15,Other,IMPLANT;IMPLANTATION,1.35MG,2017-12-08,7,2017.0,12.0,451.24,5414.88,,,,,,No
FLONASE SENSIMIST ALLERGY RELIEF,FLUTICASONE FUROATE,Active,2026-04-05,16,Other,"SPRAY, METERED;NASAL",0.0275MG/SPRAY,2016-08-02,3,2016.0,8.0,279.75,3357.0,,,,,,No
SAPHRIS,ASENAPINE MALEATE,Active,2026-04-06,17,Oral,TABLET;SUBLINGUAL,EQ 2.5MG BASE,2015-03-12,21,2015.0,3.0,305.51,3666.12,,,,,,No
ADZENYS XR-ODT,AMPHETAMINE,Active,2026-04-09,20,Oral,"TABLET, ORALLY DISINTEGRATING, EXTENDED RELEASE;ORAL",EQ 3.1MG BASE,2016-01-27,30,2016.0,1.0,666.55,7998.6,,,,,,No
JUVISYNC,SIMVASTATIN; SITAGLIPTIN PHOSPHATE,Active,2026-04-11,22,Oral,TABLET;ORAL,10MG;EQ 50MG BASE **Federal Register determination that product was not discontinued or withdrawn for safety or effectiveness reasons**,2012-09-18,12,2012.0,9.0,667.08,8004.96,,,,,,No
REXULTI,BREXPIPRAZOLE,Active,2026-04-12,23,Oral,TABLET;ORAL,0.25MG,2015-07-10,88,2015.0,7.0,706.95,8483.4,,,,,,No
JATENZO,TESTOSTERONE UNDECANOATE,Active,2026-04-14,25,Oral,CAPSULE;ORAL,158MG,2019-03-27,30,2019.0,3.0,739.27,8871.24,,,,,,No
AURYXIA,FERRIC CITRATE,Active,2026-04-21,32,Oral,TABLET;ORAL,EQ 210MG IRON,2014-09-05,3,2014.0,9.0,457.94,5495.28,,,,,,No
ZYKADIA,CERITINIB,Active,2026-04-25,36,Oral,CAPSULE;ORAL,150MG,2014-04-29,15,2014.0,4.0,451.06,5412.72,,,,,,No
ORENITRAM,TREPROSTINIL DIOLAMINE,Active,2026-04-27,38,Oral,"TABLET, EXTENDED RELEASE;ORAL",EQ 0.125MG BASE,2013-12-20,45,2013.0,12.0,658.81,7905.72,,,,,,No
APRETUDE,CABOTEGRAVIR,Active,2026-04-28,39,Other,"SUSPENSION, EXTENDED RELEASE;INTRAMUSCULAR",600MG/3ML (200MG/ML),2021-12-20,4,2021.0,12.0,424.98,5099.76,,,,,,No
VOCABRIA,CABOTEGRAVIR SODIUM,Active,2026-04-28,39,Oral,TABLET;ORAL,EQ 30MG BASE,2021-01-21,2,2021.0,1.0,591.38,7096.56,,,,,,No
ABILIFY MYCITE KIT,ARIPIPRAZOLE,Active,2026-04-28,39,Oral,TABLET;ORAL,2MG,2017-11-13,162,2017.0,11.0,657.05,7884.6,,,,,,No
TOSYMRA,SUMATRIPTAN,Active,2026-05-09,50,Other,SPRAY;NASAL,10MG/SPRAY,2019-01-25,9,2019.0,1.0,545.0,6540.0,,,,,,No
MYDAYIS,AMPHETAMINE ASPARTATE; AMPHETAMINE SULFATE; DEXTROAMPHETAMINE SACCHARATE; DEXTROAMPHETAMINE SULFATE,Active,2026-05-12,53,Oral,"CAPSULE, EXTENDED RELEASE;ORAL",3.125MG;3.125MG;3.125MG;3.125MG,2017-06-20,8,2017.0,6.0,336.6,4039.2,,,,,,No
NATAZIA,DIENOGEST; ESTRADIOL VALERATE,Active,2026-05-13,54,Oral,TABLET;ORAL,"N/A,2MG,3MG,N/A,N/A;3MG,2MG,2MG,1MG,N/A",2010-05-06,2,2010.0,5.0,362.91,4354.92,,,,,,No
TRACLEER,BOSENTAN,Active,2026-05-15,56,Oral,"TABLET, FOR SUSPENSION;ORAL",32MG,2017-09-05,2,2017.0,9.0,165.79,1989.48,,,,,,No
XTANDI,ENZALUTAMIDE,Active,2026-05-15,56,Oral,CAPSULE;ORAL,40MG,2012-08-31,47,2012.0,8.0,504.8,6057.6,,,,,,No
DEFENCATH,HEPARIN SODIUM; TAUROLIDINE,Active,2026-05-16,57,Other,SOLUTION;N/A,"3,000 UNITS/3ML (1,000 UNITS/ML);40.5MG/3ML (13.5MG/ML)",2023-11-15,4,2023.0,11.0,117.97,1415.64,,,,,,No
SORILUX,CALCIPOTRIENE,Active,2026-05-26,67,Respiratory,"AEROSOL, FOAM;TOPICAL",0.005%,2010-10-06,5,2010.0,10.0,359.52,4314.24,,,,,,No
TOPICORT,DESOXIMETASONE,Active,2026-05-26,67,Topical,SPRAY;TOPICAL,0.25%,2013-04-11,2,2013.0,4.0,253.65,3043.8,,,,,,No
ZELSUVMI,BERDAZIMER SODIUM,Active,2026-05-30,71,Topical,GEL;TOPICAL,EQ 10.3% BASE,2024-01-05,22,2024.0,1.0,171.69,2060.28,,,,,,No
MAVENCLAD,CLADRIBINE,Active,2026-05-31,72,Oral,TABLET;ORAL,10MG,2019-03-29,3,2019.0,3.0,513.58,6162.96,,,,,,No
OMONTYS PRESERVATIVE FREE,PEGINESATIDE ACETATE,Active,2026-06-02,74,Injectable,"SOLUTION;INTRAVENOUS, SUBCUTANEOUS",EQ 1MG BASE/0.5ML (EQ 1MG BASE/0.5ML),2012-03-27,12,2012.0,3.0,576.25,6915.0,,,,,,No
OMONTYS,PEGINESATIDE ACETATE,Active,2026-06-02,74,Injectable,"SOLUTION;INTRAVENOUS, SUBCUTANEOUS",EQ 10MG BASE/ML (EQ 10MG BASE/ML),2012-03-27,4,2012.0,3.0,593.37,7120.44,,,,,,No
AXIRON,TESTOSTERONE,Active,2026-06-02,74,Other,"SOLUTION, METERED;TRANSDERMAL",30MG/1.5ML ACTUATION **Federal Register determination that product was not discontinued or withdrawn for safety or effectiveness reasons**,2010-11-23,6,2010.0,11.0,511.3,6135.6,,,,,,No
COTEMPLA XR-ODT,METHYLPHENIDATE,Active,2026-06-05,77,Oral,"TABLET, ORALLY DISINTEGRATING, EXTENDED RELEASE;ORAL",8.6MG,2017-06-19,12,2017.0,6.0,352.13,4225.56,,,,,,No
SUNOSI,SOLRIAMFETOL HYDROCHLORIDE,Active,2026-06-07,79,Oral,TABLET;ORAL,EQ 75MG BASE,2019-06-17,81,2019.0,6.0,188.94,2267.28,,,,,,No
ATRIPLA,EFAVIRENZ; EMTRICITABINE; TENOFOVIR DISOPROXIL FUMARATE,Active,2026-06-13,85,Oral,TABLET;ORAL,600MG;200MG;300MG **Federal Register determination that product was not discontinued or withdrawn for safety or effectiveness reasons**,2006-07-12,5,2006.0,7.0,465.57,5586.84,,,,,,No
CAMBIA,DICLOFENAC POTASSIUM,Active,2026-06-16,88,Oral,FOR SOLUTION;ORAL,50MG,2009-06-17,4,2009.0,6.0,639.0,7668.0,,,,,,No
SUPPRELIN LA,HISTRELIN ACETATE,Active,2026-06-16,88,Injectable,IMPLANT;SUBCUTANEOUS,50MG,2007-05-03,1,2007.0,5.0,1039.55,12474.6,,,,,,No
TRINTELLIX,VORTIOXETINE HYDROBROMIDE,Active,2026-06-17,89,Oral,TABLET;ORAL,EQ 5MG BASE,2013-09-30,80,2013.0,9.0,536.02,6432.24,,,,,,No
ZELBORAF,VEMURAFENIB,Active,2026-06-21,93,Oral,TABLET;ORAL,240MG,2011-08-17,7,2011.0,8.0,159.74,1916.88,,,,,,No
FILSUVEZ,BIRCH TRITERPENES,Active,2026-06-21,93,Topical,GEL;TOPICAL,10%,2023-12-18,6,2023.0,12.0,96.54,1158.48,,,,,,No
CERDELGA,ELIGLUSTAT TARTRATE,Active,2026-06-26,98,Oral,CAPSULE;ORAL,EQ 84MG BASE,2014-08-19,8,2014.0,8.0,471.95,5663.4,,,,,,No
PERSERIS KIT,RISPERIDONE,Active,2026-06-26,98,Injectable,"FOR SUSPENSION, EXTENDED RELEASE;SUBCUTANEOUS",90MG,2018-07-27,20,2018.0,7.0,1851.59,22219.08,,,,,,No
APLENZIN,BUPROPION HYDROBROMIDE,Active,2026-06-27,99,Oral,"TABLET, EXTENDED RELEASE;ORAL",174MG,2008-04-23,24,2008.0,4.0,546.2,6554.4,,,,,,No
VALTURNA,ALISKIREN HEMIFUMARATE; VALSARTAN,Active,2026-07-03,105,Oral,TABLET;ORAL,EQ 150MG BASE;160MG,2009-09-16,2,2009.0,9.0,608.26,7299.12,,,,,,No
ROCKLATAN,LATANOPROST; NETARSUDIL DIMESYLATE,Active,2026-07-11,113,Eye Care,SOLUTION/DROPS;OPHTHALMIC,0.005%;EQ 0.02% BASE,2019-03-12,17,2019.0,3.0,490.34,5884.08,,,,,,No
RHOPRESSA,NETARSUDIL MESYLATE,Active,2026-07-11,113,Eye Care,SOLUTION/DROPS;OPHTHALMIC,EQ 0.02% BASE,2017-12-18,15,2017.0,12.0,306.52,3678.24,,,,,,No
TASIGNA,NILOTINIB HYDROCHLORIDE,Active,2026-07-18,120,Oral,CAPSULE;ORAL,EQ 50MG BASE,2018-03-22,42,2018.0,3.0,326.07,3912.84,,,,,,No
DUEXIS,FAMOTIDINE; IBUPROFEN,Active,2026-07-18,120,Oral,TABLET;ORAL,26.6MG;800MG **Federal Register determination that product was not discontinued or withdrawn for safety or effectiveness reasons**,2011-04-23,5,2011.0,4.0,656.63,7879.56,,,,,,No
MITOSOL,MITOMYCIN,Active,2026-07-19,121,Topical,FOR SOLUTION;TOPICAL,0.2MG/VIAL,2012-02-07,5,2012.0,2.0,166.67,2000.04,,,,,,No
AKTEN,LIDOCAINE HYDROCHLORIDE,Active,2026-07-24,126,Eye Care,GEL;OPHTHALMIC,3.5%,2008-10-07,1,2008.0,10.0,275.59,3307.08,,,,,,No
ONGENTYS,OPICAPONE,Active,2026-07-26,128,Oral,CAPSULE;ORAL,25MG,2020-04-24,22,2020.0,4.0,154.92,1859.04,,,,,,No
ACTOPLUS MET XR,METFORMIN HYDROCHLORIDE; PIOGLITAZONE HYDROCHLORIDE,Active,2026-07-31,133,Oral,"TABLET, EXTENDED RELEASE;ORAL",1GM;EQ 15MG BASE,2009-05-12,4,2009.0,5.0,117.75,1413.0,,,,,,No
SUMAVEL DOSEPRO,SUMATRIPTAN SUCCINATE,Active,2026-07-31,133,Injectable,INJECTABLE;SUBCUTANEOUS,EQ 6MG BASE/0.5ML (EQ 12MG BASE/ML),2009-07-15,2,2009.0,7.0,2906.62,34879.44,,,,,,No
LIVDELZI,SELADELPAR LYSINE,Active,2026-08-02,135,Oral,CAPSULE;ORAL,EQ 10MG BASE,2024-08-14,6,2024.0,8.0,685.19,8222.28,,,,,,No
GIAZO,BALSALAZIDE DISODIUM,Active,2026-08-02,135,Oral,TABLET;ORAL,1.1GM **Federal Register determination that product was not discontinued or withdrawn for safety or effectiveness reasons**,2012-02-03,4,2012.0,2.0,587.18,7046.16,,,,,,No
BELEODAQ,BELINOSTAT,Active,2026-08-10,143,Injectable,POWDER;INTRAVENOUS,500MG/VIAL,2014-07-03,2,2014.0,7.0,1522.38,18268.56,,,,,,No
NUEDEXTA,DEXTROMETHORPHAN HYDROBROMIDE; QUINIDINE SULFATE,Active,2026-08-13,146,Oral,CAPSULE;ORAL,20MG;10MG,2010-10-29,1,2010.0,10.0,221.31,2655.72,,,,,,No
COMETRIQ,CABOZANTINIB S-MALATE,Active,2026-08-14,147,Oral,CAPSULE;ORAL,EQ 20MG BASE,2012-11-29,16,2012.0,11.0,209.51,2514.12,,,,,,No
OVIDE,MALATHION,Active,2026-08-14,147,Topical,LOTION;TOPICAL,0.5% **Federal Register determination that product was not discontinued or withdrawn for safety or effectiveness reasons**,1982-08-02,2,1982.0,8.0,160.08,1920.96,,,,,,No
CABOMETYX,CABOZANTINIB S-MALATE,Active,2026-08-14,147,Oral,TABLET;ORAL,EQ 20MG BASE,2016-04-25,60,2016.0,4.0,484.46,5813.52,,,,,,No
ISTURISA,OSILODROSTAT PHOSPHATE,Active,2026-08-23,156,Oral,TABLET;ORAL,EQ 1MG BASE,2020-03-06,22,2020.0,3.0,600.22,7202.64,,,,,,No
COLAZAL,BALSALAZIDE DISODIUM,Active,2026-08-24,157,Oral,CAPSULE;ORAL,750MG,2000-07-18,4,2000.0,7.0,562.14,6745.68,,,,,,No
STRIBILD,COBICISTAT; ELVITEGRAVIR; EMTRICITABINE; TENOFOVIR DISOPROXIL FUMARATE,Active,2026-08-27,160,Oral,TABLET;ORAL,150MG;150MG;200MG;300MG,2012-08-27,14,2012.0,8.0,295.95,3551.4,,,,,,No
VITEKTA,ELVITEGRAVIR,Active,2026-08-27,160,Oral,TABLET;ORAL,85MG,2014-09-24,12,2014.0,9.0,768.41,9220.92,,,,,,No
NEXPLANON,ETONOGESTREL,Active,2026-08-28,161,Other,IMPLANT;IMPLANTATION,68MG/IMPLANT,2011-05-13,4,2011.0,5.0,468.95,5627.4,,,,,,No
BYVALSON,NEBIVOLOL HYDROCHLORIDE; VALSARTAN,Active,2026-08-29,162,Oral,TABLET;ORAL,EQ 5MG BASE;80MG,2016-06-03,2,2016.0,6.0,488.05,5856.6,,,,,,No
LINZESS,LINACLOTIDE,Active,2026-08-30,163,Oral,CAPSULE;ORAL,72MCG,2017-01-25,42,2017.0,1.0,528.2,6338.4,,,,,,No
SAMSCA,TOLVAPTAN,Active,2026-09-01,165,Oral,TABLET;ORAL,15MG,2009-05-19,6,2009.0,5.0,393.72,4724.64,,,,,,No
JYNARQUE,TOLVAPTAN,Active,2026-09-01,165,Oral,TABLET;ORAL,15MG,2018-04-23,10,2018.0,4.0,273.41,3280.92,,,,,,No
CLOROTEKAL,CHLOROPROCAINE HYDROCHLORIDE,Active,2026-09-05,169,Other,SOLUTION;INTRATHECAL,50MG/5ML (10MG/ML),2017-09-26,2,2017.0,9.0,277.99,3335.88,,,,,,No
AUBAGIO,TERIFLUNOMIDE,Active,2026-09-12,176,Oral,TABLET;ORAL,7MG,2012-09-12,12,2012.0,9.0,630.49,7565.88,,,,,,No
REZDIFFRA,RESMETIROM,Active,2026-09-12,176,Oral,TABLET;ORAL,60MG,2024-03-14,18,2024.0,3.0,110.08,1320.96,,,,,,No
LYNKUET,ELINZANETANT,Active,2026-09-15,179,Oral,CAPSULE;ORAL,60MG,2025-10-24,5,2025.0,10.0,181.25,2175.0,,,,,,No
ESBRIET,PIRFENIDONE,Active,2026-09-22,186,Oral,CAPSULE;ORAL,267MG,2014-10-15,148,2014.0,10.0,132.2,1586.4,,,,,,No
SENSIPAR,CINACALCET HYDROCHLORIDE,Active,2026-09-22,186,Oral,TABLET;ORAL,EQ 30MG BASE,2004-03-08,6,2004.0,3.0,128.51,1542.12,,,,,,No
ARICEPT,DONEPEZIL HYDROCHLORIDE,Active,2026-10-04,198,Oral,TABLET;ORAL,23MG,2010-07-23,1,2010.0,7.0,698.82,8385.84,,,,,,No
COTELLIC,COBIMETINIB FUMARATE,Active,2026-10-05,199,Oral,TABLET;ORAL,EQ 20MG BASE,2015-11-10,13,2015.0,11.0,592.56,7110.72,,,,,,No
SYMPROIC,NALDEMEDINE TOSYLATE,Active,2026-10-05,199,Oral,TABLET;ORAL,EQ 0.2MG BASE,2017-03-23,5,2017.0,3.0,431.92,5183.04,,,,,,No
COMBIVENT RESPIMAT,ALBUTEROL SULFATE; IPRATROPIUM BROMIDE,Active,2026-10-10,204,Respiratory,"SPRAY, METERED;INHALATION",EQ 0.1MG BASE/INH;0.02MG/INH,2011-10-07,4,2011.0,10.0,194.03,2328.36,,,,,,No
ANDROGEL,TESTOSTERONE,Active,2026-10-12,206,Other,"GEL, METERED;TRANSDERMAL",1.62% (20.25MG/1.25GM ACTUATION),2011-04-29,24,2011.0,4.0,345.81,4149.72,,,,,,No
ADASUVE,LOXAPINE,Active,2026-10-23,217,Respiratory,POWDER;INHALATION,10MG,2012-12-21,1,2012.0,12.0,363.06,4356.72,,,,,,No
SYFOVRE,PEGCETACOPLAN,Active,2026-10-25,219,Other,SOLUTION;INTRAVITREAL,15MG/0.1ML (15MG/0.1ML),2023-02-17,15,2023.0,2.0,186.6,2239.2,,,,,,No
SIGNIFOR LAR KIT,PASIREOTIDE PAMOATE,Active,2026-10-25,219,Other,FOR SUSPENSION;INTRAMUSCULAR,EQ 10MG BASE/VIAL,2018-06-29,15,2018.0,6.0,316.93,3803.16,,,,,,No
SYNRIBO,OMACETAXINE MEPESUCCINATE,Active,2026-10-26,220,Injectable,POWDER;SUBCUTANEOUS,3.5MG/VIAL,2012-10-26,1,2012.0,10.0,1496.26,17955.12,,,,,,No
XEGLYZE,ABAMETAPIR,Active,2026-10-28,222,Topical,LOTION;TOPICAL,0.74%,2020-07-24,2,2020.0,7.0,277.07,3324.84,,,,,,No
UPTRAVI,SELEXIPAG,Active,2026-10-31,225,Injectable,POWDER;INTRAVENOUS,1.8MG/VIAL,2021-07-29,52,2021.0,7.0,2087.73,25052.76,,,,,,No
LYRICA CR,PREGABALIN,Active,2026-11-02,227,Oral,"TABLET, EXTENDED RELEASE;ORAL",82.5MG,2017-10-11,24,2017.0,10.0,131.71,1580.52,,,,,,No
BEVYXXA,BETRIXABAN,Active,2026-11-07,232,Oral,CAPSULE;ORAL,40MG,2017-06-23,12,2017.0,6.0,362.23,4346.76,,,,,,No
ORKAMBI,IVACAFTOR; LUMACAFTOR,Active,2026-11-08,233,Oral,GRANULE;ORAL,94MG/PACKET;75MG/PACKET,2022-09-02,220,2022.0,9.0,538.1,6457.2,,,,,,No
EOHILIA,BUDESONIDE,Active,2026-11-09,234,Oral,SUSPENSION;ORAL,2MG/10ML,2024-02-09,12,2024.0,2.0,452.2,5426.4,,,,,,No
SOFDRA,SOFPIRONIUM BROMIDE,Active,2026-11-13,238,Topical,"GEL, METERED;TOPICAL",EQ 12.45% BASE (EQ 72MG BASE/ACTUATION),2024-06-18,20,2024.0,6.0,354.08,4248.96,,,,,,No
HERNEXEOS,ZONGERTINIB,Active,2026-11-15,240,Oral,TABLET;ORAL,60MG,2025-08-08,2,2025.0,8.0,561.09,6733.08,,,,,,No
TUKYSA,TUCATINIB,Active,2026-11-16,241,Oral,TABLET;ORAL,50MG,2020-04-17,18,2020.0,4.0,214.05,2568.6,,,,,,No
ELIQUIS SPRINKLE,APIXABAN,Active,2026-11-21,246,Oral,FOR SUSPENSION;ORAL,0.15MG,2025-04-17,4,2025.0,4.0,149.4,1792.8,,,,,,No
ELIQUIS,APIXABAN,Active,2026-11-21,246,Oral,"TABLET, FOR SUSPENSION;ORAL",0.5MG,2025-04-17,25,2025.0,4.0,549.69,6596.28,,,,,,No
JANUVIA,SITAGLIPTIN PHOSPHATE,Active,2026-11-24,249,Oral,TABLET;ORAL,EQ 25MG BASE,2006-10-16,6,2006.0,10.0,118.56,1422.72,,,,,,No
JANUMET,METFORMIN HYDROCHLORIDE; SITAGLIPTIN PHOSPHATE,Active,2026-11-24,249,Oral,TABLET;ORAL,1GM;EQ 50MG BASE,2007-03-30,8,2007.0,3.0,510.04,6120.48,,,,,,No
STEGLUJAN,ERTUGLIFLOZIN; SITAGLIPTIN PHOSPHATE,Active,2026-11-24,249,Oral,TABLET;ORAL,5MG;EQ 100MG BASE,2017-12-19,10,2017.0,12.0,758.16,9097.92,,,,,,No
CALQUENCE,ACALABRUTINIB,Active,2026-11-24,249,Oral,CAPSULE;ORAL,100MG,2017-10-31,61,2017.0,10.0,502.83,6033.96,,,,,,No
JANUMET XR,METFORMIN HYDROCHLORIDE; SITAGLIPTIN PHOSPHATE,Active,2026-11-24,249,Oral,"TABLET, EXTENDED RELEASE;ORAL",1GM;EQ 50MG BASE,2012-02-02,6,2012.0,2.0,371.72,4460.64,,,,,,No
ZTALMY,GANAXOLONE,Active,2026-11-28,253,Oral,SUSPENSION;ORAL,50MG/ML,2022-06-01,11,2022.0,6.0,550.3,6603.6,,,,,,No
AXUMIN,FLUCICLOVINE F-18,Active,2026-11-28,253,Injectable,SOLUTION;INTRAVENOUS,9-221mCi/ML,2016-05-27,8,2016.0,5.0,1645.63,19747.56,,,,,,No
SIRTURO,BEDAQUILINE FUMARATE,Active,2026-12-01,256,Oral,TABLET;ORAL,EQ 20MG BASE,2020-05-27,4,2020.0,5.0,481.93,5783.16,,,,,,No
ZUNVEYL,BENZGALANTAMINE GLUCONATE,Active,2026-12-01,256,Oral,"TABLET, DELAYED RELEASE;ORAL",EQ 5MG BASE,2024-07-26,9,2024.0,7.0,759.03,9108.36,,,,,,No
CLINDESSE,CLINDAMYCIN PHOSPHATE,Active,2026-12-02,257,Topical,CREAM;VAGINAL,EQ 2% BASE,2004-11-30,1,2004.0,11.0,203.55,2442.6,,,,,,No
ADEMPAS,RIOCIGUAT,Active,2026-12-04,259,Oral,TABLET;ORAL,0.5MG,2013-10-08,25,2013.0,10.0,772.83,9273.96,,,,,,No
AZILECT,RASAGILINE MESYLATE,Active,2026-12-05,260,Oral,TABLET;ORAL,EQ 0.5MG BASE,2006-05-16,4,2006.0,5.0,733.75,8805.0,,,,,,No
MOXATAG,AMOXICILLIN,Active,2026-12-08,263,Oral,"TABLET, EXTENDED RELEASE;ORAL",775MG,2008-01-23,3,2008.0,1.0,237.05,2844.6,,,,,,No
JAKAFI,RUXOLITINIB PHOSPHATE,Active,2026-12-12,267,Oral,TABLET;ORAL,EQ 5MG BASE,2011-11-16,145,2011.0,11.0,148.55,1782.6,,,,,,No
OPZELURA,RUXOLITINIB PHOSPHATE,Active,2026-12-12,267,Topical,CREAM;TOPICAL,EQ 1.5% BASE,2021-09-21,36,2021.0,9.0,112.25,1347.0,,,,,,No
INREBIC,FEDRATINIB HYDROCHLORIDE,Active,2026-12-16,271,Oral,CAPSULE;ORAL,EQ 100MG BASE,2019-08-16,5,2019.0,8.0,112.76,1353.12,,,,,,No
PICATO,INGENOL MEBUTATE,Active,2026-12-18,273,Topical,GEL;TOPICAL,0.015%,2012-01-23,23,2012.0,1.0,110.22,1322.64,,,,,,No
VYNDAMAX,TAFAMIDIS,Active,2026-12-19,274,Oral,CAPSULE;ORAL,61MG,2019-05-03,3,2019.0,5.0,578.1,6937.2,,,,,,No
VYNDAQEL,TAFAMIDIS MEGLUMINE,Active,2026-12-19,274,Oral,CAPSULE;ORAL,20MG,2019-05-03,2,2019.0,5.0,149.83,1797.96,,,,,,No
VYKAT XR,DIAZOXIDE CHOLINE,Active,2026-12-20,275,Oral,"TABLET, EXTENDED RELEASE;ORAL",25MG,2025-03-26,18,2025.0,3.0,323.28,3879.36,,,,,,No
ICLUSIG,PONATINIB HYDROCHLORIDE,Active,2026-12-22,277,Oral,TABLET;ORAL,EQ 10MG BASE,2020-12-18,68,2020.0,12.0,691.41,8296.92,,,,,,No
PREZISTA,DARUNAVIR,Active,2026-12-26,281,Oral,SUSPENSION;ORAL,100MG/ML,2011-12-16,14,2011.0,12.0,116.29,1395.48,,,,,,No
PREZCOBIX,COBICISTAT; DARUNAVIR ETHANOLATE,Active,2026-12-26,281,Oral,TABLET;ORAL,150MG;EQ 675MG BASE,2025-03-21,10,2025.0,3.0,670.13,8041.56,,,,,,No
IMBRUVICA,IBRUTINIB,Active,2026-12-28,283,Oral,CAPSULE;ORAL,70MG,2017-12-20,703,2017.0,12.0,297.3,3567.6,,,,,,No
VIBATIV,TELAVANCIN HYDROCHLORIDE,Active,2027-01-01,287,Injectable,POWDER;INTRAVENOUS,EQ 250MG BASE/VIAL,2009-09-11,2,2009.0,9.0,795.41,9544.92,,,,,,No
DSUVIA,SUFENTANIL CITRATE,Active,2027-01-05,291,Oral,TABLET;SUBLINGUAL,EQ 0.03MG BASE,2018-11-02,21,2018.0,11.0,587.72,7052.64,,,,,,No
HALAVEN,ERIBULIN MESYLATE,Active,2027-01-08,294,Injectable,SOLUTION;INTRAVENOUS,1MG/2ML (0.5MG/ML),2010-11-15,2,2010.0,11.0,2072.36,24868.32,,,,,,No
CAMCEVI KIT,LEUPROLIDE MESYLATE,Active,2027-01-16,302,Injectable,EMULSION;SUBCUTANEOUS,EQ 42MG BASE,2021-05-25,5,2021.0,5.0,2693.68,32324.16,,,,,,No
ACTOPLUS MET,METFORMIN HYDROCHLORIDE; PIOGLITAZONE HYDROCHLORIDE,Active,2027-01-22,308,Oral,TABLET;ORAL,500MG;EQ 15MG BASE **Federal Register determination that product was not discontinued or withdrawn for safety or effectiveness reasons**,2005-08-29,4,2005.0,8.0,614.55,7374.6,,,,,,No
SUBSYS,FENTANYL,Active,2027-01-25,311,Other,SPRAY;SUBLINGUAL,0.1MG **Federal Register determination that product was not discontinued or withdrawn for safety or effectiveness reasons**,2012-01-04,68,2012.0,1.0,501.74,6020.88,,,,,,No
PROCYSBI,CYSTEAMINE BITARTRATE,Active,2027-01-26,312,Oral,"CAPSULE, DELAYED RELEASE;ORAL",EQ 25MG BASE,2013-04-30,96,2013.0,4.0,297.42,3569.04,,,,,,No
KYNAMRO,MIPOMERSEN SODIUM,Active,2027-01-29,315,Injectable,SOLUTION;SUBCUTANEOUS,200MG/ML (200MG/ML),2013-01-29,1,2013.0,1.0,943.6,11323.2,,,,,,No
DUETACT,GLIMEPIRIDE; PIOGLITAZONE HYDROCHLORIDE,Active,2027-01-30,316,Oral,TABLET;ORAL,2MG;30MG,2006-07-28,4,2006.0,7.0,625.43,7505.16,,,,,,No
RAYALDEE,CALCIFEDIOL,Active,2027-02-02,319,Oral,"CAPSULE, EXTENDED RELEASE;ORAL",0.03MG,2016-06-17,22,2016.0,6.0,664.78,7977.36,,,,,,No
LEXISCAN,REGADENOSON,Active,2027-02-02,319,Injectable,SOLUTION;INTRAVENOUS,0.4MG/5ML (0.08MG/ML),2008-04-10,2,2008.0,4.0,2976.26,35715.12,,,,,,No
VELETRI,EPOPROSTENOL SODIUM,Active,2027-02-02,319,Injectable,INJECTABLE;INJECTION,EQ 0.5MG BASE/VIAL,2012-06-28,4,2012.0,6.0,1531.54,18378.48,,,,,,No
KYLEENA,LEVONORGESTREL,Active,2027-02-07,324,Other,SYSTEM;INTRAUTERINE,19.5MG,2016-09-16,3,2016.0,9.0,286.01,3432.12,,,,,,No
SKYLA,LEVONORGESTREL,Active,2027-02-07,324,Other,SYSTEM;INTRAUTERINE,13.5MG,2013-01-09,3,2013.0,1.0,488.21,5858.52,,,,,,No
AVMAPKI FAKZYNJA CO-PACK (COPACKAGED),AVUTOMETINIB POTASSIUM; DEFACTINIB HYDROCHLORIDE,Active,2027-02-09,326,Oral,"CAPSULE, TABLET;ORAL",EQ 0.8MG BASE;EQ 200MG BASE,2025-05-08,7,2025.0,5.0,338.56,4062.72,,,,,,No
RAPIVAB,PERAMIVIR,Active,2027-02-12,329,Injectable,SOLUTION;INTRAVENOUS,200MG/20ML (10MG/ML),2014-12-19,5,2014.0,12.0,2826.89,33922.68,,,,,,No
ALTABAX,RETAPAMULIN,Active,2027-02-14,331,Topical,OINTMENT;TOPICAL,1%,2007-04-12,1,2007.0,4.0,354.69,4256.28,,,,,,No
EUCRISA,CRISABOROLE,Active,2027-02-16,333,Topical,OINTMENT;TOPICAL,2%,2016-12-14,8,2016.0,12.0,217.28,2607.36,,,,,,No
OCALIVA,OBETICHOLIC ACID,Active,2027-02-21,338,Oral,TABLET;ORAL,5MG,2016-05-27,14,2016.0,5.0,625.61,7507.32,,,,,,No
ADVIL ALLERGY SINUS,CHLORPHENIRAMINE MALEATE; IBUPROFEN; PSEUDOEPHEDRINE HYDROCHLORIDE,Active,2027-02-28,345,Oral,TABLET;ORAL,2MG;200MG;30MG,2002-12-19,1,2002.0,12.0,628.18,7538.16,,,,,,No
DIFICID,FIDAXOMICIN,Active,2027-03-04,349,Oral,FOR SUSPENSION;ORAL,40MG/ML,2020-01-24,20,2020.0,1.0,172.19,2066.28,,,,,,No
IBRANCE,PALBOCICLIB,Active,2027-03-05,350,Oral,CAPSULE;ORAL,75MG,2015-02-03,30,2015.0,2.0,731.79,8781.48,,,,,,No
DUAVEE,"BAZEDOXIFENE ACETATE; ESTROGENS, CONJUGATED",Active,2027-03-10,355,Oral,TABLET;ORAL,EQ 20MG BASE;0.45MG,2013-10-03,2,2013.0,10.0,453.68,5444.16,,,,,,No
AVEED,TESTOSTERONE UNDECANOATE,Active,2027-03-14,359,Other,INJECTABLE;INTRAMUSCULAR,750MG/3ML (250MG/ML),2014-03-05,2,2014.0,3.0,513.23,6158.76,,,,,,No
DYANAVEL XR 10,AMPHETAMINE; AMPHETAMINE ASPARTATE/DEXTROAMPHETAMINE SULFATE,Active,2027-03-15,360,Oral,"TABLET, EXTENDED RELEASE;ORAL",8MG;EQ 2MG BASE,2021-11-04,5,2021.0,11.0,324.03,3888.36,,,,,,No
QUILLICHEW ER,METHYLPHENIDATE HYDROCHLORIDE,Active,2027-03-15,360,Oral,"TABLET, EXTENDED RELEASE, CHEWABLE;ORAL",20MG,2015-12-04,30,2015.0,12.0,726.87,8722.44,,,,,,No
DYANAVEL XR,AMPHETAMINE; AMPHETAMINE ASPARTATE/DEXTROAMPHETAMINE SULFATE,Active,2027-03-15,360,Oral,"SUSPENSION, EXTENDED RELEASE;ORAL",2MG/ML;EQ 0.5MG BASE/ML,2015-10-19,7,2015.0,10.0,372.44,4469.28,,,,,,No
DYANAVEL XR 15,AMPHETAMINE; AMPHETAMINE ASPARTATE/DEXTROAMPHETAMINE SULFATE,Active,2027-03-15,360,Oral,"TABLET, EXTENDED RELEASE;ORAL",12MG;EQ 3MG BASE,2021-11-04,5,2021.0,11.0,107.59,1291.08,,,,,,No
DYANAVEL XR 5,AMPHETAMINE; AMPHETAMINE ASPARTATE/DEXTROAMPHETAMINE SULFATE,Active,2027-03-15,360,Oral,"TABLET, EXTENDED RELEASE;ORAL",4MG;EQ 1MG BASE,2021-11-04,5,2021.0,11.0,733.77,8805.24,,,,,,No
DYANAVEL XR 20,AMPHETAMINE; AMPHETAMINE ASPARTATE/DEXTROAMPHETAMINE SULFATE,Active,2027-03-15,360,Oral,"TABLET, EXTENDED RELEASE;ORAL",16MG;EQ 4MG BASE,2021-11-04,5,2021.0,11.0,163.9,1966.8,,,,,,No
TUZISTRA XR,CHLORPHENIRAMINE POLISTIREX; CODEINE POLISTIREX,Active,2027-03-15,360,Oral,"SUSPENSION, EXTENDED RELEASE;ORAL",EQ 2.8MG BASE/5ML;EQ 14.7MG BASE/5ML,2015-04-30,2,2015.0,4.0,323.52,3882.24,,,,,,No
VANFLYTA,QUIZARTINIB DIHYDROCHLORIDE,Active,2027-03-16,361,Oral,TABLET;ORAL,EQ 17.7MG BASE,2023-07-20,22,2023.0,7.0,765.04,9180.48,,,,,,No
VICTRELIS,BOCEPREVIR,Active,2027-03-17,362,Oral,CAPSULE;ORAL,200MG,2011-05-13,2,2011.0,5.0,765.43,9185.16,,,,,,No
LASTACAFT,ALCAFTADINE,Active,2027-03-19,364,Eye Care,SOLUTION/DROPS;OPHTHALMIC,0.25%,2010-07-28,2,2010.0,7.0,329.38,3952.56,,,,,,No
SPRAVATO,ESKETAMINE HYDROCHLORIDE,Active,2027-03-20,365,Other,SPRAY;NASAL,EQ 28MG BASE,2019-03-05,25,2019.0,3.0,415.92,4991.04,,,,,,No
DYLOJECT,DICLOFENAC SODIUM,Active,2027-03-22,367,Injectable,SOLUTION;INTRAVENOUS,37.5MG/ML (37.5MG/ML) **Federal Register determination that product was not discontinued or withdrawn for safety or effectiveness reasons**,2014-12-23,1,2014.0,12.0,1621.11,19453.32,,,,,,No
SITAVIG,ACYCLOVIR,Active,2027-03-23,368,Oral,TABLET;BUCCAL,50MG,2013-04-12,3,2013.0,4.0,305.25,3663.0,,,,,,No
ERLEADA,APALUTAMIDE,Active,2027-03-27,372,Oral,TABLET;ORAL,60MG,2018-02-14,32,2018.0,2.0,330.07,3960.84,,,,,,No
OLEPTRO,TRAZODONE HYDROCHLORIDE,Active,2027-03-27,372,Oral,"TABLET, EXTENDED RELEASE;ORAL",150MG **Federal Register determination that product was not discontinued or withdrawn for safety or effectiveness reasons**,2010-02-02,4,2010.0,2.0,570.76,6849.12,,,,,,No
VARUBI,ROLAPITANT HYDROCHLORIDE,Active,2027-04-04,380,Injectable,EMULSION;INTRAVENOUS,EQ 166.5MG BASE/92.5ML (EQ 1.8MG BASE/ML),2017-10-25,13,2017.0,10.0,2380.94,28571.28,,,,,,No
EDLUAR,ZOLPIDEM TARTRATE,Active,2027-04-06,382,Oral,TABLET;SUBLINGUAL,5MG,2009-03-13,4,2009.0,3.0,654.11,7849.32,,,,,,No
ZECUITY,SUMATRIPTAN SUCCINATE,Active,2027-04-12,388,Other,SYSTEM;IONTOPHORESIS,EQ 6.5MG BASE/4HR,2013-01-17,9,2013.0,1.0,494.81,5937.72,,,,,,No
OXTELLAR XR,OXCARBAZEPINE,Active,2027-04-13,389,Oral,"TABLET, EXTENDED RELEASE;ORAL",150MG,2012-10-19,33,2012.0,10.0,163.84,1966.08,,,,,,No
SYNJARDY XR,EMPAGLIFLOZIN; METFORMIN HYDROCHLORIDE,Active,2027-04-15,391,Oral,"TABLET, EXTENDED RELEASE;ORAL",5MG;1GM,2016-12-09,124,2016.0,12.0,446.09,5353.08,,,,,,No
SYNJARDY,EMPAGLIFLOZIN; METFORMIN HYDROCHLORIDE,Active,2027-04-15,391,Oral,TABLET;ORAL,5MG;1GM,2015-08-26,112,2015.0,8.0,140.29,1683.48,,,,,,No
JARDIANCE,EMPAGLIFLOZIN,Active,2027-04-15,391,Oral,TABLET;ORAL,10MG,2014-08-01,60,2014.0,8.0,484.67,5816.04,,,,,,No
NEXICLON XR,CLONIDINE,Active,2027-04-17,393,Oral,"TABLET, EXTENDED RELEASE;ORAL",EQ 0.17MG BASE,2009-12-03,4,2009.0,12.0,409.07,4908.84,,,,,,No
CARDENE IN 5.0% DEXTROSE IN PLASTIC CONTAINER,NICARDIPINE HYDROCHLORIDE,Active,2027-04-18,394,Injectable,INJECTABLE;INTRAVENOUS,40MG/200ML (0.2MG/ML),2008-11-07,4,2008.0,11.0,2719.26,32631.12,,,,,,No
CARDENE IN 0.86% SODIUM CHLORIDE IN PLASTIC CONTAINER,NICARDIPINE HYDROCHLORIDE,Active,2027-04-18,394,Injectable,INJECTABLE;INTRAVENOUS,20MG/200ML (0.1MG/ML),2008-07-31,6,2008.0,7.0,1377.29,16527.48,,,,,,No
CARDENE IN 0.83% SODIUM CHLORIDE IN PLASTIC CONTAINER,NICARDIPINE HYDROCHLORIDE,Active,2027-04-18,394,Injectable,INJECTABLE;INTRAVENOUS,40MG/200ML (0.2MG/ML),2008-11-07,6,2008.0,11.0,792.67,9512.04,,,,,,No
SAVAYSA,EDOXABAN TOSYLATE,Active,2027-04-18,394,Oral,TABLET;ORAL,EQ 15MG BASE,2015-01-08,6,2015.0,1.0,200.09,2401.08,,,,,,No
CARDENE IN 4.8% DEXTROSE IN PLASTIC CONTAINER,NICARDIPINE HYDROCHLORIDE,Active,2027-04-18,394,Injectable,INJECTABLE;INTRAVENOUS,20MG/200ML (0.1MG/ML),2008-07-31,6,2008.0,7.0,2403.78,28845.36,,,,,,No
CHLORAPREP WITH TINT,CHLORHEXIDINE GLUCONATE; ISOPROPYL ALCOHOL,Active,2027-04-25,401,Topical,SPONGE;TOPICAL,2%;70% (26ML),2005-05-03,3,2005.0,5.0,277.83,3333.96,,,,,,No
FLOLIPID,SIMVASTATIN,Active,2027-04-26,402,Oral,SUSPENSION;ORAL,20MG/5ML,2016-04-21,4,2016.0,4.0,170.79,2049.48,,,,,,No
REVLIMID,LENALIDOMIDE,Active,2027-04-27,403,Oral,CAPSULE;ORAL,2.5MG,2011-12-21,12,2011.0,12.0,158.87,1906.44,,,,,,No
AMYVID,FLORBETAPIR F-18,Active,2027-04-30,406,Injectable,SOLUTION;INTRAVENOUS,10ML (13.5-51mCi/ML),2012-04-06,8,2012.0,4.0,2252.42,27029.04,,,,,,No
XIPERE,TRIAMCINOLONE ACETONIDE,Active,2027-05-02,408,Injectable,SUSPENSION;INJECTION,40MG/ML,2021-10-22,4,2021.0,10.0,681.91,8182.92,,,,,,No
LEQVIO,INCLISIRAN SODIUM,Active,2027-05-10,416,Injectable,SOLUTION;SUBCUTANEOUS,EQ 284MG BASE/1.5ML (EQ 189MG BASE/ML),2021-12-22,10,2021.0,12.0,2554.65,30655.8,,,,,,No
TYVASO,TREPROSTINIL,Active,2027-05-14,420,Respiratory,SOLUTION;INHALATION,0.6MG/ML,2009-07-30,6,2009.0,7.0,467.81,5613.72,,,,,,No
GALAFOLD,MIGALASTAT HYDROCHLORIDE,Active,2027-05-16,422,Oral,CAPSULE;ORAL,EQ 123MG BASE,2018-08-10,64,2018.0,8.0,156.94,1883.28,,,,,,No
SILENOR,DOXEPIN HYDROCHLORIDE,Active,2027-05-18,424,Oral,TABLET;ORAL,EQ 3MG BASE,2010-03-17,32,2010.0,3.0,159.39,1912.68,,,,,,No
ACULAR LS,KETOROLAC TROMETHAMINE,Active,2027-05-24,430,Eye Care,SOLUTION/DROPS;OPHTHALMIC,0.4%,2003-05-30,2,2003.0,5.0,494.66,5935.92,,,,,,No
VASCEPA,ICOSAPENT ETHYL,Active,2027-05-31,437,Oral,CAPSULE;ORAL,1GM,2012-07-26,128,2012.0,7.0,361.99,4343.88,,,,,,No
XARTEMIS XR,ACETAMINOPHEN; OXYCODONE HYDROCHLORIDE,Active,2027-06-01,438,Oral,"TABLET, EXTENDED RELEASE;ORAL",325MG;7.5MG **Federal Register determination that product was not discontinued or withdrawn for safety or effectiveness reasons**,2014-03-11,12,2014.0,3.0,359.45,4313.4,,,,,,No
BALCOLTRA,ETHINYL ESTRADIOL; LEVONORGESTREL,Active,2027-06-01,438,Oral,TABLET;ORAL,0.02MG;0.1MG,2018-01-09,1,2018.0,1.0,668.96,8027.52,,,,,,No
TOVIAZ,FESOTERODINE FUMARATE,Active,2027-06-07,444,Oral,"TABLET, EXTENDED RELEASE;ORAL",4MG,2008-10-31,12,2008.0,10.0,763.07,9156.84,,,,,,No
XADAGO,SAFINAMIDE MESYLATE,Active,2027-06-08,445,Oral,TABLET;ORAL,EQ 50MG BASE,2017-03-21,6,2017.0,3.0,790.2,9482.4,,,,,,No
KARBINAL ER,CARBINOXAMINE MALEATE,Active,2027-06-15,452,Oral,"SUSPENSION, EXTENDED RELEASE;ORAL",4MG/5ML,2013-03-28,2,2013.0,3.0,627.36,7528.32,,,,,,No
JESDUVROQ,DAPRODUSTAT,Active,2027-06-22,459,Oral,TABLET;ORAL,1MG,2023-02-01,30,2023.0,2.0,363.38,4360.56,,,,,,No
VAFSEO,VADADUSTAT,Active,2027-06-26,463,Oral,TABLET;ORAL,150MG,2024-03-27,39,2024.0,3.0,158.45,1901.4,,,,,,No
ANTIZOL,FOMEPIZOLE,Active,2027-06-30,467,Injectable,INJECTABLE;INJECTION,1.5GM/1.5ML (1GM/ML) **Federal Register determination that product was not discontinued or withdrawn for safety or effectiveness reasons**,1997-12-04,1,1997.0,12.0,2442.87,29314.44,,,,,,No
PRISTIQ,DESVENLAFAXINE SUCCINATE,Active,2027-07-05,472,Oral,"TABLET, EXTENDED RELEASE;ORAL",EQ 25MG BASE,2014-08-20,3,2014.0,8.0,490.88,5890.56,,,,,,No
BYFAVO,REMIMAZOLAM BESYLATE,Active,2027-07-10,477,Injectable,POWDER;INTRAVENOUS,EQ 20MG BASE/VIAL,2020-10-06,11,2020.0,10.0,1560.56,18726.72,,,,,,No
PHOSLYRA,CALCIUM ACETATE,Active,2027-07-20,487,Oral,SOLUTION;ORAL,667MG/5ML,2011-04-18,3,2011.0,4.0,734.45,8813.4,,,,,,No
LEVITRA,VARDENAFIL HYDROCHLORIDE,Active,2027-07-23,490,Oral,TABLET;ORAL,EQ 2.5MG BASE **Federal Register determination that product was not discontinued or withdrawn for safety or effectiveness reasons**,2003-08-19,4,2003.0,8.0,177.84,2134.08,,,,,,No
BUNAVAIL,BUPRENORPHINE HYDROCHLORIDE; NALOXONE HYDROCHLORIDE,Active,2027-07-23,490,Other,FILM;BUCCAL,EQ 2.1MG BASE;EQ 0.3MG BASE,2014-06-06,12,2014.0,6.0,346.31,4155.72,,,,,,No
TPOXX,TECOVIRIMAT,Active,2027-07-23,490,Oral,CAPSULE;ORAL,200MG,2018-07-13,10,2018.0,7.0,107.95,1295.4,,,,,,No
ONSOLIS,FENTANYL CITRATE,Active,2027-07-23,490,Other,FILM;BUCCAL,EQ 0.2MG BASE,2009-07-16,5,2009.0,7.0,334.33,4011.96,,,,,,No
BELBUCA,BUPRENORPHINE HYDROCHLORIDE,Active,2027-07-23,490,Other,FILM;BUCCAL,EQ 0.075MG BASE,2015-10-23,21,2015.0,10.0,128.15,1537.8,,,,,,No
SFROWASA,MESALAMINE,Active,2027-07-24,491,Other,ENEMA;RECTAL,4GM/60ML,2008-06-20,1,2008.0,6.0,159.41,1912.92,,,,,,No
DOPTELET SPRINKLE,AVATROMBOPAG MALEATE,Active,2027-07-28,495,Oral,GRANULE;ORAL,EQ 10MG BASE,2025-07-24,1,2025.0,7.0,182.27,2187.24,,,,,,No
DOPTELET,AVATROMBOPAG MALEATE,Active,2027-07-28,495,Oral,TABLET;ORAL,EQ 20MG BASE,2018-05-21,1,2018.0,5.0,554.45,6653.4,,,,,,No
SALONPAS,MENTHOL; METHYL SALICYLATE,Active,2027-08-01,499,Topical,PATCH;TOPICAL,3%;10%,2008-02-20,4,2008.0,2.0,318.73,3824.76,,,,,,No
RAYOS,PREDNISONE,Active,2027-08-03,501,Oral,"TABLET, DELAYED RELEASE;ORAL",1MG,2012-07-26,4,2012.0,7.0,508.36,6100.32,,,,,,No
RELISTOR,METHYLNALTREXONE BROMIDE,Active,2027-08-03,501,Injectable,SOLUTION;SUBCUTANEOUS,8MG/0.4ML (8MG/0.4ML),2010-09-27,30,2010.0,9.0,2905.43,34865.16,,,,,,No
NINLARO,IXAZOMIB CITRATE,Active,2027-08-06,504,Oral,CAPSULE;ORAL,EQ 2.3MG BASE,2015-11-20,21,2015.0,11.0,362.41,4348.92,,,,,,No
DAKLINZA,DACLATASVIR DIHYDROCHLORIDE,Active,2027-08-08,506,Oral,TABLET;ORAL,EQ 30MG BASE,2015-07-24,18,2015.0,7.0,300.0,3600.0,,,,,,No
ILUVIEN,FLUOCINOLONE ACETONIDE,Active,2027-08-12,510,Other,IMPLANT;INTRAVITREAL,0.19MG,2014-09-26,3,2014.0,9.0,534.3,6411.6,,,,,,No
RUBRACA,RUCAPARIB CAMSYLATE,Active,2027-08-12,510,Oral,TABLET;ORAL,EQ 200MG BASE,2016-12-19,57,2016.0,12.0,256.52,3078.24,,,,,,No
AKEEGA,ABIRATERONE ACETATE; NIRAPARIB TOSYLATE,Active,2027-08-12,510,Oral,TABLET;ORAL,500MG;EQ 50MG BASE,2023-08-11,24,2023.0,8.0,774.26,9291.12,,,,,,No
ZEJULA,NIRAPARIB TOSYLATE,Active,2027-08-12,510,Oral,CAPSULE;ORAL,EQ 100MG BASE,2017-03-27,35,2017.0,3.0,108.51,1302.12,,,,,,No
LYNPARZA,OLAPARIB,Active,2027-08-12,510,Oral,CAPSULE;ORAL,50MG,2014-12-19,117,2014.0,12.0,778.92,9347.04,,,,,,No
YUTIQ,FLUOCINOLONE ACETONIDE,Active,2027-08-12,510,Other,IMPLANT;INTRAVITREAL,0.18MG,2018-10-12,2,2018.0,10.0,121.58,1458.96,,,,,,No
VISTOGARD,URIDINE TRIACETATE,Active,2027-08-17,515,Oral,GRANULE;ORAL,10GM/PACKET,2015-12-11,1,2015.0,12.0,723.8,8685.6,,,,,,No
FIBRICOR,FENOFIBRIC ACID,Active,2027-08-20,518,Oral,TABLET;ORAL,35MG,2009-08-14,14,2009.0,8.0,469.39,5632.68,,,,,,No
ALSUMA,SUMATRIPTAN SUCCINATE,Active,2027-08-26,524,Injectable,INJECTABLE;SUBCUTANEOUS,EQ 6MG BASE/0.5ML (EQ 12MG BASE/ML),2010-06-29,1,2010.0,6.0,2982.41,35788.92,,,,,,No
NOURIANZ,ISTRADEFYLLINE,Active,2027-09-05,534,Oral,TABLET;ORAL,20MG,2019-08-27,4,2019.0,8.0,151.66,1819.92,,,,,,No
TRIFERIC,FERRIC PYROPHOSPHATE CITRATE,Active,2027-09-08,537,Injectable,POWDER;INTRAVENOUS,272MG IRON/PACKET,2016-04-25,3,2016.0,4.0,1884.64,22615.68,,,,,,No
VANTRELA ER,HYDROCODONE BITARTRATE,Active,2027-09-13,542,Oral,"TABLET, EXTENDED RELEASE;ORAL",15MG,2017-01-17,15,2017.0,1.0,778.51,9342.12,,,,,,No
FINACEA,AZELAIC ACID,Active,2027-09-18,547,Respiratory,"AEROSOL, FOAM;TOPICAL",15%,2015-07-29,4,2015.0,7.0,385.39,4624.68,,,,,,No
TRAVATAN Z,TRAVOPROST,Active,2027-09-20,549,Eye Care,SOLUTION/DROPS;OPHTHALMIC,0.004%,2006-09-21,3,2006.0,9.0,351.76,4221.12,,,,,,No
EMEND,APREPITANT,Active,2027-09-26,555,Oral,CAPSULE;ORAL,40MG **Federal Register determination that product was not discontinued or withdrawn for safety or effectiveness reasons**,2006-06-30,7,2006.0,6.0,587.02,7044.24,,,,,,No
ARGATROBAN IN SODIUM CHLORIDE,ARGATROBAN,Active,2027-09-26,555,Injectable,INJECTABLE;INTRAVENOUS,50MG/50ML (1MG/ML) **Federal Register determination that product was not discontinued or withdrawn for safety or effectiveness reasons**,2011-06-29,2,2011.0,6.0,1636.35,19636.2,,,,,,No
WYNZORA,BETAMETHASONE DIPROPIONATE; CALCIPOTRIENE,Active,2027-09-27,556,Topical,CREAM;TOPICAL,0.064%;0.005%,2020-07-20,3,2020.0,7.0,280.82,3369.84,,,,,,No
TYMLOS,ABALOPARATIDE,Active,2027-10-03,562,Injectable,SOLUTION;SUBCUTANEOUS,3.12MG/1.56ML (2MG/ML),2017-04-28,12,2017.0,4.0,1960.79,23529.48,,,,,,No
TIVICAY PD,DOLUTEGRAVIR SODIUM,Active,2027-10-05,564,Oral,"TABLET, FOR SUSPENSION;ORAL",EQ 5MG BASE,2020-06-12,4,2020.0,6.0,730.81,8769.72,,,,,,No
TRIUMEQ PD,ABACAVIR SULFATE; DOLUTEGRAVIR SODIUM; LAMIVUDINE,Active,2027-10-05,564,Oral,"TABLET, FOR SUSPENSION;ORAL",EQ 60MG BASE;EQ 5MG BASE;30MG,2022-03-30,4,2022.0,3.0,131.81,1581.72,,,,,,No
TIVICAY,DOLUTEGRAVIR SODIUM,Active,2027-10-05,564,Oral,TABLET;ORAL,EQ 10MG BASE **Federal Register determination that product was not discontinued or withdrawn for safety or effectiveness reasons**,2016-06-09,12,2016.0,6.0,296.67,3560.04,,,,,,No
TRIUMEQ,ABACAVIR SULFATE; DOLUTEGRAVIR SODIUM; LAMIVUDINE,Active,2027-10-05,564,Oral,TABLET;ORAL,EQ 600MG BASE;EQ 50MG BASE;300MG,2014-08-22,4,2014.0,8.0,765.29,9183.48,,,,,,No
DOVATO,DOLUTEGRAVIR SODIUM; LAMIVUDINE,Active,2027-10-05,564,Oral,TABLET;ORAL,EQ 50MG BASE;300MG,2019-04-08,5,2019.0,4.0,723.18,8678.16,,,,,,No
MACRILEN,MACIMORELIN ACETATE,Active,2027-10-12,571,Oral,FOR SOLUTION;ORAL,EQ 60MG BASE/POUCH,2017-12-20,1,2017.0,12.0,418.96,5027.52,,,,,,No
IMCIVREE,SETMELANOTIDE ACETATE,Active,2027-10-13,572,Injectable,SOLUTION;SUBCUTANEOUS,EQ 10MG BASE/ML (EQ 10MG BASE/ML),2020-11-25,3,2020.0,11.0,2050.33,24603.96,,,,,,No
XYZAL ALLERGY 24HR,LEVOCETIRIZINE DIHYDROCHLORIDE,Active,2027-10-16,575,Oral,SOLUTION;ORAL,2.5MG/5ML,2017-01-31,1,2017.0,1.0,294.17,3530.04,,,,,,No
PENNSAID,DICLOFENAC SODIUM,Active,2027-10-17,576,Topical,SOLUTION;TOPICAL,2% **Federal Register determination that product was not discontinued or withdrawn for safety or effectiveness reasons**,2014-01-16,25,2014.0,1.0,140.2,1682.4,,,,,,No
PYLARIFY,PIFLUFOLASTAT F-18,Active,2027-11-07,597,Injectable,SOLUTION;INTRAVENOUS,50ML (1-80mCi/ML),2021-05-26,6,2021.0,5.0,1659.25,19911.0,,,,,,No
INGREZZA SPRINKLE,VALBENAZINE TOSYLATE,Active,2027-11-08,598,Oral,CAPSULE;ORAL,EQ 40MG BASE,2024-04-30,99,2024.0,4.0,347.35,4168.2,,,,,,No
INGREZZA,VALBENAZINE TOSYLATE,Active,2027-11-08,598,Oral,CAPSULE;ORAL,EQ 40MG BASE,2017-04-11,99,2017.0,4.0,508.56,6102.72,,,,,,No
KORSUVA,DIFELIKEFALIN ACETATE,Active,2027-11-12,602,Injectable,SOLUTION;INTRAVENOUS,EQ 0.065MG BASE/1.3ML (EQ 0.05MG BASE/ML),2021-08-23,12,2021.0,8.0,694.34,8332.08,,,,,,No
TROKENDI XR,TOPIRAMATE,Active,2027-11-16,606,Oral,"CAPSULE, EXTENDED RELEASE;ORAL",25MG,2013-08-16,80,2013.0,8.0,782.08,9384.96,,,,,,No
EMPAVELI,PEGCETACOPLAN,Active,2027-11-18,608,Injectable,SOLUTION;SUBCUTANEOUS,1080MG/20ML (54MG/ML),2021-05-14,27,2021.0,5.0,2965.53,35586.36,,,,,,No
VARITHENA,POLIDOCANOL,Active,2027-11-19,609,Injectable,SOLUTION;INTRAVENOUS,180MG/18ML (10MG/ML),2013-11-25,2,2013.0,11.0,2245.4,26944.8,,,,,,No
TABRECTA,CAPMATINIB HYDROCHLORIDE,Active,2027-11-19,609,Oral,TABLET;ORAL,EQ 150MG BASE,2020-05-06,14,2020.0,5.0,475.27,5703.24,,,,,,No
TURALIO,PEXIDARTINIB HYDROCHLORIDE,Active,2027-11-21,611,Oral,CAPSULE;ORAL,EQ 125MG BASE,2022-10-14,24,2022.0,10.0,316.67,3800.04,,,,,,No
EXBLIFEP,CEFEPIME HYDROCHLORIDE; ENMETAZOBACTAM,Active,2027-12-03,623,Injectable,POWDER;INTRAVENOUS,EQ 2GM BASE/VIAL;0.5GM/VIAL,2024-02-22,2,2024.0,2.0,2534.49,30413.88,,,,,,No
ZUBSOLV,BUPRENORPHINE HYDROCHLORIDE; NALOXONE HYDROCHLORIDE,Active,2027-12-03,623,Oral,TABLET;SUBLINGUAL,EQ 0.7MG BASE;EQ 0.18MG BASE,2016-10-04,51,2016.0,10.0,579.31,6951.72,,,,,,No
LETAIRIS,AMBRISENTAN,Active,2027-12-11,631,Oral,TABLET;ORAL,5MG,2007-06-15,6,2007.0,6.0,213.83,2565.96,,,,,,No
VALCYTE,VALGANCICLOVIR HYDROCHLORIDE,Active,2027-12-11,631,Oral,FOR SOLUTION;ORAL,50MG/ML,2009-08-28,2,2009.0,8.0,737.65,8851.8,,,,,,No
XERMELO,TELOTRISTAT ETIPRATE,Active,2027-12-11,631,Oral,TABLET;ORAL,EQ 250MG BASE,2017-02-28,5,2017.0,2.0,675.78,8109.36,,,,,,No
TOBRADEX ST,DEXAMETHASONE; TOBRAMYCIN,Active,2027-12-19,639,Eye Care,SUSPENSION/DROPS;OPHTHALMIC,0.05%;0.3%,2009-02-13,3,2009.0,2.0,479.92,5759.04,,,,,,No
ZONTIVITY,VORAPAXAR SULFATE,Active,2027-12-23,643,Oral,TABLET;ORAL,EQ 2.08MG BASE,2014-05-08,1,2014.0,5.0,608.0,7296.0,,,,,,No
NEXAVAR,SORAFENIB TOSYLATE,Active,2027-12-24,644,Oral,TABLET;ORAL,EQ 200MG BASE,2005-12-20,4,2005.0,12.0,529.39,6352.68,,,,,,No
GILENYA,FINGOLIMOD HYDROCHLORIDE,Active,2027-12-25,645,Oral,CAPSULE;ORAL,EQ 0.25MG BASE,2018-05-11,3,2018.0,5.0,392.77,4713.24,,,,,,No
YONDELIS,TRABECTEDIN,Active,2028-01-07,658,Injectable,POWDER;INTRAVENOUS,1MG/VIAL,2015-10-23,2,2015.0,10.0,2831.82,33981.84,,,,,,No
NEXTSTELLIS,DROSPIRENONE; ESTETROL,Active,2028-01-15,666,Oral,TABLET;ORAL,3MG;14.2MG,2021-04-15,7,2021.0,4.0,706.24,8474.88,,,,,,No
FARYDAK,PANOBINOSTAT LACTATE,Active,2028-01-17,668,Oral,CAPSULE;ORAL,EQ 10MG BASE,2015-02-23,6,2015.0,2.0,131.65,1579.8,,,,,,No
NAYZILAM,MIDAZOLAM,Active,2028-01-18,669,Other,SPRAY;NASAL,5MG/SPRAY,2019-05-17,4,2019.0,5.0,113.18,1358.16,,,,,,No
ISENTRESS,RALTEGRAVIR POTASSIUM,Active,2028-01-28,679,Oral,POWDER;ORAL,EQ 100MG BASE/PACKET,2013-12-20,11,2013.0,12.0,363.52,4362.24,,,,,,No
TRULANCE,PLECANATIDE,Active,2028-01-30,681,Oral,TABLET;ORAL,3MG,2017-01-19,12,2017.0,1.0,667.39,8008.68,,,,,,No
ALVESCO,CICLESONIDE,Active,2028-02-01,683,Respiratory,"AEROSOL, METERED;INHALATION",0.08MG/INH,2008-01-10,2,2008.0,1.0,594.27,7131.24,,,,,,No
ZETONNA,CICLESONIDE,Active,2028-02-01,683,Respiratory,"AEROSOL, METERED;NASAL",0.037MG/INH,2012-01-20,1,2012.0,1.0,217.69,2612.28,,,,,,No
OMNARIS,CICLESONIDE,Active,2028-02-01,683,Other,"SPRAY, METERED;NASAL",0.05MG/SPRAY,2006-10-20,1,2006.0,10.0,397.07,4764.84,,,,,,No
NUVESSA,METRONIDAZOLE,Active,2028-02-02,684,Other,GEL;VAGINAL,1.3%,2014-03-24,7,2014.0,3.0,290.45,3485.4,,,,,,No
TWYNEO,BENZOYL PEROXIDE; TRETINOIN,Active,2028-02-03,685,Topical,CREAM;TOPICAL,3%;0.1%,2021-07-26,13,2021.0,7.0,390.37,4684.44,,,,,,No
EPSOLAY,BENZOYL PEROXIDE,Active,2028-02-03,685,Topical,CREAM;TOPICAL,5%,2022-04-22,14,2022.0,4.0,349.48,4193.76,,,,,,No
DORYX MPC,DOXYCYCLINE HYCLATE,Active,2028-02-03,685,Oral,"TABLET, DELAYED RELEASE;ORAL",EQ 60MG BASE **Federal Register determination that product was not discontinued or withdrawn for safety or effectiveness reasons**,2016-05-20,8,2016.0,5.0,686.83,8241.96,,,,,,No
DORYX,DOXYCYCLINE HYCLATE,Active,2028-02-03,685,Oral,"TABLET, DELAYED RELEASE;ORAL",EQ 50MG BASE **Federal Register determination that product was not discontinued or withdrawn for safety or effectiveness reasons**,2014-12-19,6,2014.0,12.0,428.09,5137.08,,,,,,No
RECLAST,ZOLEDRONIC ACID,Active,2028-02-05,687,Injectable,INJECTABLE;INTRAVENOUS,EQ 5MG BASE/100ML,2007-04-16,2,2007.0,4.0,1537.05,18444.6,,,,,,No
TECFIDERA,DIMETHYL FUMARATE,Active,2028-02-07,689,Oral,"CAPSULE, DELAYED RELEASE;ORAL",120MG,2013-03-27,18,2013.0,3.0,291.38,3496.56,,,,,,No
AMELUZ,AMINOLEVULINIC ACID HYDROCHLORIDE,Active,2028-02-07,689,Topical,GEL;TOPICAL,10%,2016-05-10,3,2016.0,5.0,98.04,1176.48,,,,,,No
OTEZLA,APREMILAST,Active,2028-02-16,698,Oral,TABLET;ORAL,10MG,2014-03-21,24,2014.0,3.0,705.31,8463.72,,,,,,No
OTEZLA XR,APREMILAST,Active,2028-02-16,698,Oral,"TABLET, EXTENDED RELEASE;ORAL",75MG,2025-08-29,9,2025.0,8.0,669.03,8028.36,,,,,,No
REYVOW,LASMIDITAN SUCCINATE,Active,2028-02-17,699,Oral,TABLET;ORAL,EQ 50MG BASE,2020-01-31,11,2020.0,1.0,799.8,9597.6,,,,,,No
SIVEXTRO,TEDIZOLID PHOSPHATE,Active,2028-02-23,705,Injectable,POWDER;INTRAVENOUS,200MG/VIAL,2014-06-20,14,2014.0,6.0,2991.59,35899.08,,,,,,No
ACUVAIL,KETOROLAC TROMETHAMINE,Active,2028-03-07,718,Eye Care,SOLUTION/DROPS;OPHTHALMIC,0.45%,2009-07-22,3,2009.0,7.0,322.17,3866.04,,,,,,No
CAPLYTA,LUMATEPERONE TOSYLATE,Active,2028-03-12,723,Oral,CAPSULE;ORAL,EQ 10.5MG BASE,2022-04-22,97,2022.0,4.0,638.29,7659.48,,,,,,No
XENLETA,LEFAMULIN ACETATE,Active,2028-03-19,730,Injectable,SOLUTION;INTRAVENOUS,EQ 150MG BASE/15ML (EQ 10MG BASE/ML),2019-08-19,6,2019.0,8.0,2861.91,34342.92,,,,,,No
SOVALDI,SOFOSBUVIR,Active,2028-03-21,732,Oral,PELLETS;ORAL,150MG/PACKET,2019-08-28,66,2019.0,8.0,694.75,8337.0,,,,,,No
EPCLUSA,SOFOSBUVIR; VELPATASVIR,Active,2028-03-21,732,Oral,PELLETS;ORAL,150MG;37.5MG/PACKET,2021-06-10,116,2021.0,6.0,273.14,3277.68,,,,,,No
HARVONI,LEDIPASVIR; SOFOSBUVIR,Active,2028-03-21,732,Oral,PELLETS;ORAL,33.75MG;150MG/PACKET,2019-08-28,129,2019.0,8.0,415.38,4984.56,,,,,,No
VOSEVI,SOFOSBUVIR; VELPATASVIR; VOXILAPREVIR,Active,2028-03-21,732,Oral,TABLET;ORAL,400MG;100MG;100MG,2017-07-18,47,2017.0,7.0,190.41,2284.92,,,,,,No
LUPRON DEPOT,LEUPROLIDE ACETATE,Active,2028-03-22,733,Injectable,INJECTABLE;INJECTION,45MG,2011-06-17,2,2011.0,6.0,2885.13,34621.56,,,,,,No
LUPRON DEPOT-PED KIT,LEUPROLIDE ACETATE,Active,2028-03-22,733,Other,POWDER;INTRAMUSCULAR,45MG,2023-04-14,2,2023.0,4.0,403.09,4837.08,,,,,,No
ACUVUE THERAVISION WITH KETOTIFEN,KETOTIFEN FUMARATE,Active,2028-03-27,738,Eye Care,DRUG-ELUTING CONTACT LENS;OPHTHALMIC,EQ 19MCG BASE,2022-02-25,2,2022.0,2.0,191.46,2297.52,,,,,,No
VUSION,MICONAZOLE NITRATE; WHITE PETROLATUM; ZINC OXIDE,Active,2028-03-30,741,Topical,OINTMENT;TOPICAL,0.25%;81.35%;15%,2006-02-16,1,2006.0,2.0,294.94,3539.28,,,,,,No
MIRAPEX ER,PRAMIPEXOLE DIHYDROCHLORIDE,Active,2028-04-26,768,Oral,"TABLET, EXTENDED RELEASE;ORAL",0.375MG,2010-02-19,14,2010.0,2.0,532.69,6392.28,,,,,,No
TEPMETKO,TEPOTINIB HYDROCHLORIDE,Active,2028-04-29,771,Oral,TABLET;ORAL,EQ 225MG BASE,2021-02-03,8,2021.0,2.0,350.71,4208.52,,,,,,No
NICORETTE,NICOTINE POLACRILEX,Active,2028-04-30,772,Other,"GUM, CHEWING;BUCCAL",EQ 2MG BASE,1996-02-09,6,1996.0,2.0,156.78,1881.36,,,,,,No
VERSACLOZ,CLOZAPINE,Active,2028-05-01,773,Oral,SUSPENSION;ORAL,50MG/ML,2013-02-06,1,2013.0,2.0,570.1,6841.2,,,,,,No
RHOFADE,OXYMETAZOLINE HYDROCHLORIDE,Active,2028-05-02,774,Topical,CREAM;TOPICAL,1%,2017-01-18,7,2017.0,1.0,246.5,2958.0,,,,,,No
INPEFA,SOTAGLIFLOZIN,Active,2028-05-04,776,Oral,TABLET;ORAL,200MG,2023-05-26,6,2023.0,5.0,640.62,7687.44,,,,,,No
VONJO,PACRITINIB CITRATE,Active,2028-05-05,777,Oral,CAPSULE;ORAL,EQ 100MG BASE,2022-02-28,6,2022.0,2.0,464.11,5569.32,,,,,,No
FRUZAQLA,FRUQUINTINIB,Active,2028-05-09,781,Oral,CAPSULE;ORAL,1MG,2023-11-08,8,2023.0,11.0,696.53,8358.36,,,,,,No
ADDYI,FLIBANSERIN,Active,2028-05-09,781,Oral,TABLET;ORAL,100MG,2015-08-18,1,2015.0,8.0,486.33,5835.96,,,,,,No
ZERBAXA,CEFTOLOZANE SULFATE; TAZOBACTAM SODIUM,Active,2028-05-15,787,Injectable,POWDER;INTRAVENOUS,EQ 1GM BASE/VIAL;EQ 0.5GM BASE/VIAL,2014-12-19,26,2014.0,12.0,1902.34,22828.08,,,,,,No
VENLAFAXINE BESYLATE,VENLAFAXINE BESYLATE,Active,2028-05-16,788,Oral,"TABLET, EXTENDED RELEASE;ORAL",EQ 112.5MG BASE,2022-06-29,1,2022.0,6.0,713.66,8563.92,,,,,,No
DALVANCE,DALBAVANCIN HYDROCHLORIDE,Active,2028-05-23,795,Injectable,POWDER;INTRAVENOUS,EQ 500MG BASE/VIAL,2014-05-23,1,2014.0,5.0,1508.71,18104.52,,,,,,No
ENVARSUS XR,TACROLIMUS,Active,2028-05-30,802,Oral,"TABLET, EXTENDED RELEASE;ORAL",EQ 0.75MG BASE,2015-07-10,45,2015.0,7.0,193.81,2325.72,,,,,,No
DORAL,QUAZEPAM,Active,2028-06-03,806,Oral,TABLET;ORAL,7.5MG,1987-02-26,2,1987.0,2.0,120.15,1441.8,,,,,,No
CANASA,MESALAMINE,Active,2028-06-06,809,Other,SUPPOSITORY;RECTAL,1GM,2004-11-05,2,2004.0,11.0,477.57,5730.84,,,,,,No
QSYMIA,PHENTERMINE HYDROCHLORIDE; TOPIRAMATE,Active,2028-06-09,812,Oral,"CAPSULE, EXTENDED RELEASE;ORAL",EQ 3.75MG BASE;23MG,2012-07-17,24,2012.0,7.0,534.22,6410.64,,,,,,No
FENTORA,FENTANYL CITRATE,Active,2028-06-15,818,Oral,"TABLET;BUCCAL, SUBLINGUAL",EQ 0.1MG BASE,2006-09-25,10,2006.0,9.0,592.86,7114.32,,,,,,No
KISQALI,RIBOCICLIB SUCCINATE,Active,2028-06-17,820,Oral,TABLET;ORAL,EQ 200MG BASE,2017-03-13,28,2017.0,3.0,249.07,2988.84,,,,,,No
KISQALI FEMARA CO-PACK (COPACKAGED),LETROZOLE; RIBOCICLIB SUCCINATE,Active,2028-06-17,820,Oral,TABLET;ORAL,2.5MG;EQ 200MG BASE,2017-05-04,16,2017.0,5.0,195.46,2345.52,,,,,,No
OSMOPREP,"SODIUM PHOSPHATE, DIBASIC, ANHYDROUS; SODIUM PHOSPHATE, MONOBASIC, MONOHYDRATE",Active,2028-06-22,825,Oral,TABLET;ORAL,0.398GM;1.102GM **Federal Register determination that product was not discontinued or withdrawn for safety or effectiveness reasons**,2006-03-16,1,2006.0,3.0,110.18,1322.16,,,,,,No
DAURISMO,GLASDEGIB MALEATE,Active,2028-06-29,832,Oral,TABLET;ORAL,EQ 25MG BASE,2018-11-21,10,2018.0,11.0,345.41,4144.92,,,,,,No
ROZLYTREK,ENTRECTINIB,Active,2028-07-08,841,Oral,CAPSULE;ORAL,100MG,2019-08-15,38,2019.0,8.0,512.94,6155.28,,,,,,No
TWIRLA,ETHINYL ESTRADIOL; LEVONORGESTREL,Active,2028-07-10,843,Other,SYSTEM;TRANSDERMAL,0.03MG/24HR;0.12MG/24HR,2020-02-14,3,2020.0,2.0,296.12,3553.44,,,,,,No
MINIVELLE,ESTRADIOL,Active,2028-07-10,843,Other,"FILM, EXTENDED RELEASE;TRANSDERMAL",0.025MG/24HR,2014-09-23,16,2014.0,9.0,318.74,3824.88,,,,,,No
TEKTURNA HCT,ALISKIREN HEMIFUMARATE; HYDROCHLOROTHIAZIDE,Active,2028-07-13,846,Oral,TABLET;ORAL,EQ 150MG BASE;12.5MG **Federal Register determination that product was not discontinued or withdrawn for safety or effectiveness reasons**,2008-01-18,4,2008.0,1.0,732.91,8794.92,,,,,,No
ANGIOMAX,BIVALIRUDIN,Active,2028-07-27,860,Injectable,INJECTABLE;INTRAVENOUS,250MG/VIAL,2000-12-15,4,2000.0,12.0,1370.64,16447.68,,,,,,No
MULPLETA,LUSUTROMBOPAG,Active,2028-07-29,862,Oral,TABLET;ORAL,3MG,2018-07-31,3,2018.0,7.0,459.79,5517.48,,,,,,No
TRUSELTIQ,INFIGRATINIB PHOSPHATE,Active,2028-08-06,870,Oral,CAPSULE;ORAL,25MG,2021-05-28,8,2021.0,5.0,648.56,7782.72,,,,,,No
SYNDROS,DRONABINOL,Active,2028-08-06,870,Oral,SOLUTION;ORAL,5MG/ML **Federal Register determination that product was not discontinued or withdrawn for safety or effectiveness reasons**,2017-03-23,4,2017.0,3.0,377.58,4530.96,,,,,,No
INTRAROSA,PRASTERONE,Active,2028-08-07,871,Other,INSERT;VAGINAL,6.5MG,2016-11-16,3,2016.0,11.0,411.04,4932.48,,,,,,No
CAPRELSA,VANDETANIB,Active,2028-08-08,872,Oral,TABLET;ORAL,100MG,2011-04-06,2,2011.0,4.0,703.65,8443.8,,,,,,No
SEYSARA,SARECYCLINE HYDROCHLORIDE,Active,2028-08-10,874,Oral,TABLET;ORAL,EQ 60MG BASE,2018-10-01,15,2018.0,10.0,764.66,9175.92,,,,,,No
VOQUEZNA,VONOPRAZAN FUMARATE,Active,2028-08-11,875,Oral,TABLET;ORAL,EQ 10MG BASE,2023-11-01,4,2023.0,11.0,202.95,2435.4,,,,,,No
VOQUEZNA DUAL PAK,AMOXICILLIN; VONOPRAZAN FUMARATE,Active,2028-08-11,875,Oral,"CAPSULE, TABLET;ORAL",500MG;EQ 20MG BASE,2022-05-03,2,2022.0,5.0,748.61,8983.32,,,,,,No
VOQUEZNA TRIPLE PAK,AMOXICILLIN; CLARITHROMYCIN; VONOPRAZAN FUMARATE,Active,2028-08-11,875,Oral,"CAPSULE, TABLET, TABLET;ORAL",500MG;500MG;EQ 20MG BASE,2022-05-03,2,2022.0,5.0,444.48,5333.76,,,,,,No
MORPHABOND ER,MORPHINE SULFATE,Active,2028-08-12,876,Oral,"TABLET, EXTENDED RELEASE;ORAL",15MG,2015-10-02,8,2015.0,10.0,280.77,3369.24,,,,,,No
ROXYBOND,OXYCODONE HYDROCHLORIDE,Active,2028-08-12,876,Oral,TABLET;ORAL,5MG,2017-04-20,8,2017.0,4.0,421.4,5056.8,,,,,,No
SOTALOL HYDROCHLORIDE,SOTALOL HYDROCHLORIDE,Active,2028-08-14,878,Injectable,SOLUTION;INTRAVENOUS,150MG/10ML (15MG/ML),2009-07-02,8,2009.0,7.0,2950.08,35400.96,,,,,,No
LOCAMETZ,GALLIUM GA-68 GOZETOTIDE,Active,2028-08-15,879,Injectable,POWDER;INTRAVENOUS,,2022-03-23,2,2022.0,3.0,1731.55,20778.6,,,,,,No
PLUVICTO,LUTETIUM LU-177 VIPIVOTIDE TETRAXETAN,Active,2028-08-15,879,Injectable,SOLUTION;INTRAVENOUS,27mCi/ML,2022-03-23,5,2022.0,3.0,1321.88,15862.56,,,,,,No
VANRAFIA,ATRASENTAN HYDROCHLORIDE,Active,2028-08-22,886,Oral,TABLET;ORAL,EQ 0.75MG BASE,2025-04-02,8,2025.0,4.0,543.38,6520.56,,,,,,No
BRENZAVVY,BEXAGLIFLOZIN,Active,2028-08-22,886,Oral,TABLET;ORAL,20MG,2023-01-20,6,2023.0,1.0,268.1,3217.2,,,,,,No
FORFIVO XL,BUPROPION HYDROCHLORIDE,Active,2028-08-23,887,Oral,"TABLET, EXTENDED RELEASE;ORAL",450MG,2011-11-10,1,2011.0,11.0,153.1,1837.2,,,,,,No
OXLUMO,LUMASIRAN SODIUM,Active,2028-08-24,888,Injectable,SOLUTION;SUBCUTANEOUS,EQ 94.5MG BASE/0.5ML (EQ 94.5MG BASE/0.5ML),2020-11-23,14,2020.0,11.0,822.2,9866.4,,,,,,No
AMVUTTRA,VUTRISIRAN SODIUM,Active,2028-08-24,888,Injectable,SOLUTION;SUBCUTANEOUS,EQ 25MG BASE/0.5ML (EQ 25MG BASE/0.5ML),2022-06-13,13,2022.0,6.0,820.11,9841.32,,,,,,No
KORLYM,MIFEPRISTONE,Active,2028-08-27,891,Oral,TABLET;ORAL,300MG,2012-02-17,18,2012.0,2.0,206.33,2475.96,,,,,,No
MAYZENT,SIPONIMOD,Active,2028-08-27,891,Oral,TABLET;ORAL,EQ 0.25MG BASE,2019-03-26,12,2019.0,3.0,197.18,2366.16,,,,,,No
CUBICIN,DAPTOMYCIN,Active,2028-09-04,899,Injectable,POWDER;INTRAVENOUS,500MG/VIAL **Federal Register determination that product was not discontinued or withdrawn for safety or effectiveness reasons**,2003-09-12,1,2003.0,9.0,2102.19,25226.28,,,,,,No
REMODULIN,TREPROSTINIL,Active,2028-09-05,900,Injectable,"INJECTABLE;INTRAVENOUS, SUBCUTANEOUS",0.1MG/ML,2023-09-28,44,2023.0,9.0,954.7,11456.4,,,,,,No
QVAR REDIHALER,BECLOMETHASONE DIPROPIONATE,Active,2028-09-07,902,Respiratory,"AEROSOL, METERED;INHALATION",0.04MG/INH,2017-08-03,32,2017.0,8.0,305.55,3666.6,,,,,,No
MOVANTIK,NALOXEGOL OXALATE,Active,2028-09-16,911,Oral,TABLET;ORAL,EQ 12.5MG BASE,2014-09-16,4,2014.0,9.0,727.75,8733.0,,,,,,No
KEPPRA XR,LEVETIRACETAM,Active,2028-09-17,912,Oral,"TABLET, EXTENDED RELEASE;ORAL",500MG,2008-09-12,2,2008.0,9.0,431.77,5181.24,,,,,,No
VIEKIRA XR,DASABUVIR SODIUM; OMBITASVIR; PARITAPREVIR; RITONAVIR,Active,2028-09-17,912,Oral,"TABLET, EXTENDED RELEASE;ORAL",EQ 200MG BASE;8.33MG;50MG;33.33MG **Federal Register determination that product was not discontinued or withdrawn for safety or effectiveness reasons**,2016-07-22,18,2016.0,7.0,567.29,6807.48,,,,,,No
ELUCIREM,GADOPICLENOL,Active,2028-09-19,914,Injectable,SOLUTION;INTRAVENOUS,1.4553GM/3ML (485.1MG/ML),2022-09-21,21,2022.0,9.0,930.8,11169.6,,,,,,No
ONMEL,ITRACONAZOLE,Active,2028-10-03,928,Oral,TABLET;ORAL,200MG,2010-04-29,1,2010.0,4.0,234.6,2815.2,,,,,,No
COLCRYS,COLCHICINE,Active,2028-10-06,931,Oral,TABLET;ORAL,0.6MG **Federal Register determination that product was not discontinued or withdrawn for safety or effectiveness reasons**,2009-07-29,17,2009.0,7.0,128.61,1543.32,,,,,,No
RYDAPT,MIDOSTAURIN,Active,2028-10-09,934,Oral,CAPSULE;ORAL,25MG,2017-04-28,2,2017.0,4.0,218.25,2619.0,,,,,,No
PREPOPIK,CITRIC ACID; MAGNESIUM OXIDE; SODIUM PICOSULFATE,Active,2028-10-10,935,Oral,FOR SOLUTION;ORAL,12GM/PACKET;3.5GM/PACKET;10MG/PACKET **Federal Register determination that product was not discontinued or withdrawn for safety or effectiveness reasons**,2012-07-16,2,2012.0,7.0,295.01,3540.12,,,,,,No
FLO-PRED,PREDNISOLONE ACETATE,Active,2028-10-11,936,Oral,SUSPENSION;ORAL,EQ 5MG BASE/5ML,2008-01-17,4,2008.0,1.0,223.91,2686.92,,,,,,No
SEEBRI NEOHALER,GLYCOPYRROLATE,Active,2028-10-11,936,Respiratory,POWDER;INHALATION,15.6MCG/INH,2015-10-29,2,2015.0,10.0,189.92,2279.04,,,,,,No
XELPROS,LATANOPROST,Active,2028-10-15,940,Eye Care,EMULSION;OPHTHALMIC,0.005%,2018-09-12,2,2018.0,9.0,148.25,1779.0,,,,,,No
INQOVI,CEDAZURIDINE; DECITABINE,Active,2028-10-16,941,Oral,TABLET;ORAL,100MG;35MG,2020-07-07,11,2020.0,7.0,422.55,5070.6,,,,,,No
HEMANGEOL,PROPRANOLOL HYDROCHLORIDE,Active,2028-10-16,941,Oral,SOLUTION;ORAL,4.28MG/ML,2014-03-14,2,2014.0,3.0,244.43,2933.16,,,,,,No
QBREXZA,GLYCOPYRRONIUM TOSYLATE,Active,2028-10-17,942,Topical,CLOTH;TOPICAL,EQ 2.4% BASE,2018-06-28,8,2018.0,6.0,196.57,2358.84,,,,,,No
MYRBETRIQ,MIRABEGRON,Active,2028-10-30,955,Oral,"TABLET, EXTENDED RELEASE;ORAL",25MG,2012-06-28,26,2012.0,6.0,452.39,5428.68,,,,,,No
ORIAHNN (COPACKAGED),"ELAGOLIX SODIUM,ESTRADIOL,NORETHINDRONE ACETATE; ELAGOLIX SODIUM",Active,2028-11-07,963,Oral,CAPSULE;ORAL,"EQ 300MG BASE,1MG,0.5MG; EQ 300MG BASE",2020-05-29,7,2020.0,5.0,583.28,6999.36,,,,,,No
VIEKIRA PAK (COPACKAGED),"DASABUVIR SODIUM; OMBITASVIR, PARITAPREVIR, RITONAVIR",Active,2028-11-09,965,Oral,TABLET;ORAL,"EQ 250MG BASE;12.5MG, 75MG, 50MG",2014-12-19,15,2014.0,12.0,127.52,1530.24,,,,,,No
CARNEXIV,CARBAMAZEPINE,Active,2028-11-10,966,Injectable,SOLUTION;INTRAVENOUS,200MG/20ML (10MG/ML),2016-10-07,9,2016.0,10.0,2498.53,29982.36,,,,,,No
VELPHORO,FERRIC OXYHYDROXIDE,Active,2028-11-13,969,Oral,"TABLET, CHEWABLE;ORAL",EQ 500MG IRON,2013-11-27,22,2013.0,11.0,539.53,6474.36,,,,,,No
OFIRMEV,ACETAMINOPHEN,Active,2028-11-13,969,Injectable,SOLUTION;INTRAVENOUS,1GM/100ML (10MG/ML) **Federal Register determination that product was not discontinued or withdrawn for safety or effectiveness reasons**,2010-11-02,10,2010.0,11.0,704.4,8452.8,,,,,,No
ZEMDRI,PLAZOMICIN SULFATE,Active,2028-11-21,977,Injectable,SOLUTION;INTRAVENOUS,EQ 500MG BASE/10ML (EQ 50MG BASE/ML),2018-06-25,4,2018.0,6.0,2683.95,32207.4,,,,,,No
ONGLYZA,SAXAGLIPTIN HYDROCHLORIDE,Active,2028-11-30,986,Oral,TABLET;ORAL,EQ 2.5MG BASE **Federal Register determination that product was not discontinued or withdrawn for safety or effectiveness reasons**,2009-07-31,2,2009.0,7.0,744.61,8935.32,,,,,,No
LOSEASONIQUE,ETHINYL ESTRADIOL; LEVONORGESTREL,Active,2028-12-05,991,Oral,TABLET;ORAL,"0.02MG,0.1MG;0.01MG,N/A",2008-10-24,1,2008.0,10.0,142.75,1713.0,,,,,,No
SEASONIQUE,ETHINYL ESTRADIOL; LEVONORGESTREL,Active,2028-12-05,991,Oral,TABLET;ORAL,"0.03MG,0.01MG;0.15MG,N/A",2006-05-25,1,2006.0,5.0,293.81,3525.72,,,,,,No
ELLA,ULIPRISTAL ACETATE,Active,2028-12-08,994,Oral,TABLET;ORAL,30MG,2010-08-13,8,2010.0,8.0,664.34,7972.08,,,,,,No
SUPRAX,CEFIXIME,Active,2028-12-14,1000,Oral,FOR SUSPENSION;ORAL,500MG/5ML,2013-02-20,1,2013.0,2.0,623.78,7485.36,,,,,,No
VRAYLAR,CARIPRAZINE HYDROCHLORIDE,Active,2028-12-16,1002,Oral,CAPSULE;ORAL,EQ 1.5MG BASE,2015-09-17,55,2015.0,9.0,229.16,2749.92,,,,,,No
STAXYN,VARDENAFIL HYDROCHLORIDE,Active,2028-12-23,1009,Oral,"TABLET, ORALLY DISINTEGRATING;ORAL",10MG **Federal Register determination that product was not discontinued or withdrawn for safety or effectiveness reasons**,2010-06-17,1,2010.0,6.0,246.54,2958.48,,,,,,No
RYTARY,CARBIDOPA; LEVODOPA,Active,2028-12-26,1012,Oral,"CAPSULE, EXTENDED RELEASE;ORAL",23.75MG;95MG,2015-01-07,60,2015.0,1.0,359.33,4311.96,,,,,,No
COPIKTRA,DUVELISIB,Active,2029-01-05,1022,Oral,CAPSULE;ORAL,15MG,2018-09-24,16,2018.0,9.0,439.17,5270.04,,,,,,No
LAMICTAL XR,LAMOTRIGINE,Active,2029-01-07,1024,Oral,"TABLET, EXTENDED RELEASE;ORAL",25MG,2009-05-29,6,2009.0,5.0,532.78,6393.36,,,,,,No
TLANDO,TESTOSTERONE UNDECANOATE,Active,2029-01-08,1025,Oral,CAPSULE;ORAL,112.5MG,2022-03-28,15,2022.0,3.0,358.24,4298.88,,,,,,No
PREVYMIS,LETERMOVIR,Active,2029-01-18,1035,Oral,PELLETS;ORAL,20MG/PACKET,2024-08-30,8,2024.0,8.0,423.77,5085.24,,,,,,No
LO LOESTRIN FE,ETHINYL ESTRADIOL; NORETHINDRONE ACETATE,Active,2029-02-02,1050,Oral,TABLET;ORAL,"0.01MG,0.01MG;1MG,N/A",2010-10-21,1,2010.0,10.0,623.23,7478.76,,,,,,No
LO MINASTRIN FE,ETHINYL ESTRADIOL; NORETHINDRONE ACETATE,Active,2029-02-02,1050,Oral,"TABLET, CHEWABLE, TABLET;ORAL","0.01MG,0.01MG,N/A;1MG,N/A,N/A",2013-07-24,1,2013.0,7.0,125.68,1508.16,,,,,,No
MILPROSA,PROGESTERONE,Active,2029-02-03,1051,Other,SYSTEM;VAGINAL,1.78GM,2020-04-29,3,2020.0,4.0,226.22,2714.64,,,,,,No
INBRIJA,LEVODOPA,Active,2029-02-03,1051,Respiratory,POWDER;INHALATION,42MG,2018-12-21,6,2018.0,12.0,471.01,5652.12,,,,,,No
ENSACOVE,ENSARTINIB HYDROCHLORIDE,Active,2029-02-09,1057,Oral,CAPSULE;ORAL,EQ 25MG BASE,2024-12-18,8,2024.0,12.0,726.64,8719.68,,,,,,No
FIRMAGON,DEGARELIX ACETATE,Active,2029-02-10,1058,Injectable,POWDER;SUBCUTANEOUS,EQ 80MG BASE/VIAL,2008-12-24,14,2008.0,12.0,1779.19,21350.28,,,,,,No
BLUJEPA,GEPOTIDACIN MESYLATE,Active,2029-02-12,1060,Oral,TABLET;ORAL,EQ 750MG BASE,2025-03-25,3,2025.0,3.0,472.48,5669.76,,,,,,No
FYARRO,SIROLIMUS,Active,2029-02-14,1062,Injectable,POWDER;INTRAVENOUS,100MG/VIAL,2021-11-22,9,2021.0,11.0,767.93,9215.16,,,,,,No
ZIPSOR,DICLOFENAC POTASSIUM,Active,2029-02-24,1072,Oral,CAPSULE;ORAL,25MG,2009-06-16,6,2009.0,6.0,413.19,4958.28,,,,,,No
BROMSITE,BROMFENAC SODIUM,Active,2029-03-05,1081,Eye Care,SOLUTION/DROPS;OPHTHALMIC,EQ 0.075% ACID,2016-04-08,1,2016.0,4.0,313.05,3756.6,,,,,,No
TRIESENCE,TRIAMCINOLONE ACETONIDE,Active,2029-03-10,1086,Other,INJECTABLE;INTRAVITREAL,40MG/ML (40MG/ML),2007-11-29,3,2007.0,11.0,221.24,2654.88,,,,,,No
OLUMIANT,BARICITINIB,Active,2029-03-10,1086,Oral,TABLET;ORAL,1MG,2019-10-08,17,2019.0,10.0,288.47,3461.64,,,,,,No
ISENTRESS HD,RALTEGRAVIR POTASSIUM,Active,2029-03-11,1087,Oral,TABLET;ORAL,EQ 600MG BASE,2017-05-26,6,2017.0,5.0,364.1,4369.2,,,,,,No
DUTREBIS,LAMIVUDINE; RALTEGRAVIR POTASSIUM,Active,2029-03-11,1087,Oral,TABLET;ORAL,150MG;EQ 300MG BASE,2015-02-06,2,2015.0,2.0,114.05,1368.6,,,,,,No
VIRAMUNE XR,NEVIRAPINE,Active,2029-03-12,1088,Oral,"TABLET, EXTENDED RELEASE;ORAL",400MG,2011-03-25,1,2011.0,3.0,325.46,3905.52,,,,,,No
TIGLUTIK KIT,RILUZOLE,Active,2029-03-12,1088,Oral,SUSPENSION;ORAL,50MG/10ML,2018-09-05,1,2018.0,9.0,248.01,2976.12,,,,,,No
NITROLINGUAL PUMPSPRAY,NITROGLYCERIN,Active,2029-03-12,1088,Other,"SPRAY, METERED;SUBLINGUAL",0.4MG/SPRAY,1997-01-10,1,1997.0,1.0,263.75,3165.0,,,,,,No
SESQUIENT,FOSPHENYTOIN SODIUM,Active,2029-03-13,1089,Injectable,SOLUTION;INTRAVENOUS,EQ 100MG PHENYTOIN NA/2ML (EQ 50MG PHENYTOIN NA/ML),2020-11-05,10,2020.0,11.0,799.41,9592.92,,,,,,No
EVOMELA,MELPHALAN HYDROCHLORIDE,Active,2029-03-13,1089,Injectable,POWDER;INTRAVENOUS,EQ 50MG BASE/VIAL,2016-03-10,7,2016.0,3.0,2726.32,32715.84,,,,,,No
RALDESY,TRAZODONE HYDROCHLORIDE,Active,2029-03-13,1089,Oral,SOLUTION;ORAL,10MG/ML,2024-11-26,1,2024.0,11.0,515.51,6186.12,,,,,,No
ZULRESSO,BREXANOLONE,Active,2029-03-13,1089,Injectable,SOLUTION;INTRAVENOUS,100MG/20ML (5MG/ML),2019-06-17,8,2019.0,6.0,2197.76,26373.12,,,,,,No
DESYREL,TRAZODONE HYDROCHLORIDE,Active,2029-03-13,1089,Oral,TABLET;ORAL,50MG **Federal Register determination that product was not discontinued or withdrawn for safety or effectiveness reasons**,1985-03-25,4,1985.0,3.0,652.42,7829.04,,,,,,No
NOXAFIL,POSACONAZOLE,Active,2029-03-13,1089,Injectable,SOLUTION;INTRAVENOUS,300MG/16.7ML (18MG/ML),2014-03-13,9,2014.0,3.0,1746.11,20953.32,,,,,,No
NEXTERONE,AMIODARONE HYDROCHLORIDE,Active,2029-03-13,1089,Injectable,INJECTABLE;INJECTION,50MG/ML **Federal Register determination that product was not discontinued or withdrawn for safety or effectiveness reasons**,2008-12-24,3,2008.0,12.0,717.3,8607.6,,,,,,No
DUAKLIR PRESSAIR,ACLIDINIUM BROMIDE; FORMOTEROL FUMARATE,Active,2029-03-13,1089,Respiratory,"POWDER, METERED;INHALATION",0.4MG/INH;0.012MG/INH,2019-03-29,2,2019.0,3.0,391.7,4700.4,,,,,,No
TUDORZA PRESSAIR,ACLIDINIUM BROMIDE,Active,2029-03-13,1089,Respiratory,"POWDER, METERED;INHALATION",0.4MG/INH,2012-07-23,2,2012.0,7.0,414.08,4968.96,,,,,,No
IZBA,TRAVOPROST,Active,2029-03-13,1089,Eye Care,SOLUTION/DROPS;OPHTHALMIC,0.003% **Federal Register determination that product was not discontinued or withdrawn for safety or effectiveness reasons**,2014-05-15,4,2014.0,5.0,398.18,4778.16,,,,,,No
SUPRENZA,PHENTERMINE HYDROCHLORIDE,Active,2029-03-14,1090,Oral,"TABLET, ORALLY DISINTEGRATING;ORAL",15MG **Federal Register determination that product was not discontinued or withdrawn for safety or effectiveness reasons**,2011-06-13,3,2011.0,6.0,402.16,4825.92,,,,,,No
NEURACEQ,FLORBETABEN F-18,Active,2029-03-18,1094,Injectable,SOLUTION;INTRAVENOUS,1.4-135mCi/ML,2014-03-19,2,2014.0,3.0,818.95,9827.4,,,,,,No
NAMENDA XR,MEMANTINE HYDROCHLORIDE,Active,2029-03-24,1100,Oral,"CAPSULE, EXTENDED RELEASE;ORAL",7MG **Federal Register determination that product was not discontinued or withdrawn for safety or effectiveness reasons**,2010-06-21,8,2010.0,6.0,298.64,3583.68,,,,,,No
MONOFERRIC,FERRIC DERISOMALTOSE,Active,2029-03-25,1101,Injectable,SOLUTION;INTRAVENOUS,1GM/10ML (100MG/ML),2020-01-16,15,2020.0,1.0,1407.71,16892.52,,,,,,No
QUILLIVANT XR,METHYLPHENIDATE HYDROCHLORIDE,Active,2029-03-29,1105,Oral,"FOR SUSPENSION, EXTENDED RELEASE;ORAL",5MG/ML,2012-09-27,7,2012.0,9.0,552.14,6625.68,,,,,,No
ONYDA XR,CLONIDINE HYDROCHLORIDE,Active,2029-03-29,1105,Oral,"SUSPENSION, EXTENDED RELEASE;ORAL",0.1MG/ML,2024-05-24,2,2024.0,5.0,499.54,5994.48,,,,,,No
GEMTESA,VIBEGRON,Active,2029-04-02,1109,Oral,TABLET;ORAL,75MG,2020-12-23,6,2020.0,12.0,349.27,4191.24,,,,,,No
NULIBRY,FOSDENOPTERIN HYDROBROMIDE,Active,2029-04-09,1116,Injectable,POWDER;INTRAVENOUS,EQ 9.5MG BASE/VIAL,2021-02-26,1,2021.0,2.0,2966.29,35595.48,,,,,,No
KERENDIA,FINERENONE,Active,2029-04-12,1119,Oral,TABLET;ORAL,10MG,2021-07-09,6,2021.0,7.0,524.04,6288.48,,,,,,No
MULTAQ,DRONEDARONE HYDROCHLORIDE,Active,2029-04-16,1123,Oral,TABLET;ORAL,EQ 400MG BASE,2009-07-01,5,2009.0,7.0,266.06,3192.72,,,,,,No
TRIFERIC AVNU,FERRIC PYROPHOSPHATE CITRATE,Active,2029-04-17,1124,Injectable,SOLUTION;INTRAVENOUS,6.75MG IRON/4.5ML (1.5MG IRON/ML),2020-03-27,1,2020.0,3.0,754.46,9053.52,,,,,,No
SKYCLARYS,OMAVELOXOLONE,Active,2029-04-20,1127,Oral,CAPSULE;ORAL,50MG,2023-02-28,8,2023.0,2.0,207.0,2484.0,,,,,,No
OTIPRIO,CIPROFLOXACIN,Active,2029-04-21,1128,Other,"INJECTABLE, SUSPENSION;OTIC",6% (60MG/ML),2015-12-10,8,2015.0,12.0,222.98,2675.76,,,,,,No
VEKLURY,REMDESIVIR,Active,2029-04-22,1129,Injectable,POWDER;INTRAVENOUS,100MG/VIAL,2020-10-22,71,2020.0,10.0,901.7,10820.4,,,,,,No
TARPEYO,BUDESONIDE,Active,2029-05-07,1144,Oral,"CAPSULE, DELAYED RELEASE;ORAL",4MG,2021-12-15,9,2021.0,12.0,230.6,2767.2,,,,,,No
KENGREAL,CANGRELOR,Active,2029-05-13,1150,Injectable,POWDER;INTRAVENOUS,50MG/VIAL,2015-06-22,7,2015.0,6.0,1212.74,14552.88,,,,,,No
ZEPOSIA,OZANIMOD HYDROCHLORIDE,Active,2029-05-14,1151,Oral,CAPSULE;ORAL,EQ 0.23MG BASE,2020-03-25,18,2020.0,3.0,221.36,2656.32,,,,,,No
ONUREG,AZACITIDINE,Active,2029-05-14,1151,Oral,TABLET;ORAL,200MG,2020-09-01,6,2020.0,9.0,727.74,8732.88,,,,,,No
XARACOLL,BUPIVACAINE HYDROCHLORIDE,Active,2029-05-20,1157,Other,IMPLANT;IMPLANTATION,100MG,2020-08-28,2,2020.0,8.0,140.12,1681.44,,,,,,No
NOCDURNA,DESMOPRESSIN ACETATE,Active,2029-05-21,1158,Oral,TABLET;SUBLINGUAL,0.0277MG,2018-06-21,6,2018.0,6.0,467.16,5605.92,,,,,,No
ALUNBRIG,BRIGATINIB,Active,2029-05-21,1158,Oral,TABLET;ORAL,30MG,2017-04-28,12,2017.0,4.0,387.28,4647.36,,,,,,No
AGAMREE,VAMOROLONE,Active,2029-05-28,1165,Oral,SUSPENSION;ORAL,40MG/ML,2023-10-26,7,2023.0,10.0,787.67,9452.04,,,,,,No
ZIOPTAN,TAFLUPROST,Active,2029-05-28,1165,Eye Care,SOLUTION/DROPS;OPHTHALMIC,0.0015%,2012-02-10,2,2012.0,2.0,144.82,1737.84,,,,,,No
MOXEZA,MOXIFLOXACIN HYDROCHLORIDE,Active,2029-05-29,1166,Eye Care,SOLUTION/DROPS;OPHTHALMIC,EQ 0.5% BASE **Federal Register determination that product was not discontinued or withdrawn for safety or effectiveness reasons**,2010-11-19,2,2010.0,11.0,259.14,3109.68,,,,,,No
RASUVO,METHOTREXATE,Active,2029-06-01,1169,Injectable,SOLUTION;SUBCUTANEOUS,7.5MG/0.15ML (7.5MG/0.15ML),2014-07-10,10,2014.0,7.0,2923.68,35084.16,,,,,,No
ORLYNVAH,PROBENECID; SULOPENEM ETZADROXIL,Active,2029-06-03,1171,Oral,TABLET;ORAL,500MG;500MG,2024-10-25,4,2024.0,10.0,705.85,8470.2,,,,,,No
ONEXTON,BENZOYL PEROXIDE; CLINDAMYCIN PHOSPHATE,Active,2029-06-03,1171,Topical,GEL;TOPICAL,3.75%;EQ 1.2% BASE,2014-11-24,13,2014.0,11.0,341.46,4097.52,,,,,,No
ACANYA,BENZOYL PEROXIDE; CLINDAMYCIN PHOSPHATE,Active,2029-06-03,1171,Topical,GEL;TOPICAL,2.5%;EQ 1.2% BASE,2008-10-23,6,2008.0,10.0,162.53,1950.36,,,,,,No
CABTREO,ADAPALENE; BENZOYL PEROXIDE; CLINDAMYCIN PHOSPHATE,Active,2029-06-03,1171,Topical,GEL;TOPICAL,0.15%;3.1%;1.2%,2023-10-20,8,2023.0,10.0,134.68,1616.16,,,,,,No
MIPLYFFA,ARIMOCLOMOL CITRATE,Active,2029-06-26,1194,Oral,CAPSULE;ORAL,EQ 47MG BASE,2024-09-20,12,2024.0,9.0,568.05,6816.6,,,,,,No
TRIPTODUR KIT,TRIPTORELIN PAMOATE,Active,2029-06-30,1198,Other,"FOR SUSPENSION, EXTENDED RELEASE;INTRAMUSCULAR",EQ 22.5MG BASE/VIAL,2017-06-29,1,2017.0,6.0,564.69,6776.28,,,,,,No
TRELSTAR,TRIPTORELIN PAMOATE,Active,2029-06-30,1198,Other,INJECTABLE;INTRAMUSCULAR,EQ 22.5MG BASE/VIAL,2010-03-10,1,2010.0,3.0,378.38,4540.56,,,,,,No
INOMAX,NITRIC OXIDE,Active,2029-06-30,1198,Respiratory,GAS;INHALATION,100PPM **Federal Register determination that product was not discontinued or withdrawn for safety or effectiveness reasons**,1999-12-23,53,1999.0,12.0,407.23,4886.76,,,,,,No
ORILISSA,ELAGOLIX SODIUM,Active,2029-07-06,1204,Oral,TABLET;ORAL,EQ 150MG BASE,2018-07-23,14,2018.0,7.0,295.99,3551.88,,,,,,No
VELSIPITY,ETRASIMOD ARGININE,Active,2029-07-22,1220,Oral,TABLET;ORAL,EQ 2MG BASE,2023-10-12,9,2023.0,10.0,638.65,7663.8,,,,,,No
BRAFTOVI,ENCORAFENIB,Active,2029-07-23,1221,Oral,CAPSULE;ORAL,50MG,2018-06-27,41,2018.0,6.0,230.93,2771.16,,,,,,No
ZEPATIER,ELBASVIR; GRAZOPREVIR,Active,2029-07-24,1222,Oral,TABLET;ORAL,50MG;100MG,2016-01-28,2,2016.0,1.0,326.58,3918.96,,,,,,No
ODOMZO,SONIDEGIB PHOSPHATE,Active,2029-07-24,1222,Oral,CAPSULE;ORAL,EQ 200MG BASE,2015-07-24,3,2015.0,7.0,397.81,4773.72,,,,,,No
LUMIFY PRESERVATIVE FREE,BRIMONIDINE TARTRATE,Active,2029-07-27,1225,Eye Care,SOLUTION/DROPS;OPHTHALMIC,0.025%,2024-04-19,3,2024.0,4.0,303.04,3636.48,,,,,,No
TALZENNA,TALAZOPARIB TOSYLATE,Active,2029-07-27,1225,Oral,CAPSULE;ORAL,EQ 0.1MG BASE,2023-06-20,70,2023.0,6.0,269.69,3236.28,,,,,,No
LUMIFY,BRIMONIDINE TARTRATE,Active,2029-07-27,1225,Eye Care,SOLUTION/DROPS;OPHTHALMIC,0.025%,2017-12-22,4,2017.0,12.0,145.93,1751.16,,,,,,No
SUBOXONE,BUPRENORPHINE HYDROCHLORIDE; NALOXONE HYDROCHLORIDE,Active,2029-08-07,1236,Other,"FILM;BUCCAL, SUBLINGUAL",EQ 2MG BASE;EQ 0.5MG BASE,2010-08-30,12,2010.0,8.0,405.31,4863.72,,,,,,No
XERAVA,ERAVACYCLINE DIHYDROCHLORIDE,Active,2029-08-07,1236,Injectable,POWDER;INTRAVENOUS,EQ 50MG BASE/VIAL,2018-08-27,8,2018.0,8.0,1221.58,14658.96,,,,,,No
KYNMOBI,APOMORPHINE HYDROCHLORIDE,Active,2029-08-07,1236,Other,FILM;SUBLINGUAL,10MG,2020-05-21,60,2020.0,5.0,390.62,4687.44,,,,,,No
ZYCLARA,IMIQUIMOD,Active,2029-08-18,1247,Topical,CREAM;TOPICAL,2.5%,2011-07-15,15,2011.0,7.0,129.4,1552.8,,,,,,No
ORBACTIV,ORITAVANCIN DIPHOSPHATE,Active,2029-08-29,1258,Injectable,POWDER;INTRAVENOUS,EQ 400MG BASE/VIAL,2014-08-06,3,2014.0,8.0,1702.85,20434.2,,,,,,No
KIMYRSA,ORITAVANCIN DIPHOSPHATE,Active,2029-08-29,1258,Injectable,POWDER;INTRAVENOUS,EQ 1.2GM BASE/VIAL,2021-03-12,3,2021.0,3.0,1831.47,21977.64,,,,,,No
TYBOST,COBICISTAT,Active,2029-09-03,1263,Oral,TABLET;ORAL,90MG,2025-06-20,8,2025.0,6.0,136.28,1635.36,,,,,,No
EVOTAZ,ATAZANAVIR SULFATE; COBICISTAT,Active,2029-09-03,1263,Oral,TABLET;ORAL,EQ 300MG BASE;150MG,2015-01-29,2,2015.0,1.0,335.62,4027.44,,,,,,No
QELBREE,VILOXAZINE HYDROCHLORIDE,Active,2029-09-04,1264,Oral,"CAPSULE, EXTENDED RELEASE;ORAL",EQ 100MG BASE,2021-04-02,18,2021.0,4.0,194.09,2329.08,,,,,,No
PIQRAY,ALPELISIB,Active,2029-09-10,1270,Oral,TABLET;ORAL,50MG,2019-05-24,6,2019.0,5.0,144.36,1732.32,,,,,,No
VIJOICE,ALPELISIB,Active,2029-09-10,1270,Oral,GRANULES;ORAL,50MG/PACKET,2024-04-24,16,2024.0,4.0,792.97,9515.64,,,,,,No
MIRENA,LEVONORGESTREL,Active,2029-09-14,1274,Other,SYSTEM;INTRAUTERINE,52MG,2000-12-06,2,2000.0,12.0,261.18,3134.16,,,,,,No
MYCAPSSA,OCTREOTIDE ACETATE,Active,2029-09-17,1277,Oral,"CAPSULE, DELAYED RELEASE;ORAL",EQ 20MG BASE,2020-06-26,16,2020.0,6.0,666.91,8002.92,,,,,,No
TYKERB,LAPATINIB DITOSYLATE,Active,2029-09-18,1278,Oral,TABLET;ORAL,EQ 250MG BASE,2007-03-13,1,2007.0,3.0,278.25,3339.0,,,,,,No
SAVELLA,MILNACIPRAN HYDROCHLORIDE,Active,2029-09-19,1279,Oral,TABLET;ORAL,12.5MG,2009-01-14,4,2009.0,1.0,577.05,6924.6,,,,,,No
TRYVIO,APROCITENTAN,Active,2029-09-21,1281,Oral,TABLET;ORAL,12.5MG,2024-03-19,6,2024.0,3.0,632.16,7585.92,,,,,,No
LONSURF,TIPIRACIL HYDROCHLORIDE; TRIFLURIDINE,Active,2029-09-22,1282,Oral,TABLET;ORAL,EQ 6.14MG BASE;15MG,2015-09-22,20,2015.0,9.0,516.95,6203.4,,,,,,No
CALDOLOR,IBUPROFEN,Active,2029-09-30,1290,Injectable,SOLUTION;INTRAVENOUS,800MG/8ML (100MG/ML),2009-06-11,14,2009.0,6.0,1678.94,20147.28,,,,,,No
PRESTALIA,AMLODIPINE BESYLATE; PERINDOPRIL ARGININE,Active,2029-10-05,1295,Oral,TABLET;ORAL,EQ 2.5MG BASE;3.5MG ,2015-01-21,3,2015.0,1.0,388.29,4659.48,,,,,,No
OMLONTI,OMIDENEPAG ISOPROPYL,Active,2029-10-13,1303,Eye Care,SOLUTION;OPHTHALMIC,0.002%,2022-09-22,13,2022.0,9.0,239.55,2874.6,,,,,,No
VIVITROL,NALTREXONE,Active,2029-10-15,1305,Other,"FOR SUSPENSION, EXTENDED RELEASE;INTRAMUSCULAR",380MG/VIAL,2006-04-13,2,2006.0,4.0,564.76,6777.12,,,,,,No
VITRAKVI,LAROTRECTINIB SULFATE,Active,2029-10-21,1311,Oral,CAPSULE;ORAL,EQ 25MG BASE,2018-11-26,48,2018.0,11.0,681.43,8177.16,,,,,,No
ALIQOPA,COPANLISIB DIHYDROCHLORIDE,Active,2029-10-22,1312,Injectable,POWDER;INTRAVENOUS,60MG/VIAL,2017-09-14,3,2017.0,9.0,2912.57,34950.84,,,,,,No
ZINGO,LIDOCAINE HYDROCHLORIDE,Active,2029-10-22,1312,Other,SYSTEM;INTRADERMAL,0.5MG,2007-08-16,3,2007.0,8.0,162.15,1945.8,,,,,,No
FERRIPROX,DEFERIPRONE,Active,2029-10-26,1316,Oral,SOLUTION;ORAL,80MG/ML,2018-04-20,8,2018.0,4.0,611.61,7339.32,,,,,,No
GELNIQUE,OXYBUTYNIN CHLORIDE,Active,2029-11-06,1327,Other,GEL;TRANSDERMAL,10% (100MG/PACKET) **Federal Register determination that product was not discontinued or withdrawn for safety or effectiveness reasons**,2009-01-27,3,2009.0,1.0,569.17,6830.04,,,,,,No
BESIVANCE,BESIFLOXACIN HYDROCHLORIDE,Active,2029-11-13,1334,Eye Care,SUSPENSION/DROPS;OPHTHALMIC,EQ 0.6% BASE,2009-05-28,4,2009.0,5.0,172.49,2069.88,,,,,,No
BELSOMRA,SUVOREXANT,Active,2029-11-20,1341,Oral,TABLET;ORAL,5MG,2014-08-13,12,2014.0,8.0,146.55,1758.6,,,,,,No
ZUPLENZ,ONDANSETRON,Active,2029-11-23,1344,Oral,FILM;ORAL,4MG,2010-07-02,4,2010.0,7.0,618.78,7425.36,,,,,,No
JASCAYD,NERANDOMILAST,Active,2029-11-26,1347,Oral,TABLET;ORAL,9MG,2025-10-07,10,2025.0,10.0,502.13,6025.56,,,,,,No
ZEPZELCA,LURBINECTEDIN,Active,2029-12-13,1364,Injectable,POWDER;INTRAVENOUS,4MG/VIAL,2020-06-15,5,2020.0,6.0,2604.57,31254.84,,,,,,No
XEPI,OZENOXACIN,Active,2029-12-15,1366,Topical,CREAM;TOPICAL,1%,2017-12-11,2,2017.0,12.0,124.73,1496.76,,,,,,No
GIAPREZA,ANGIOTENSIN II ACETATE,Active,2029-12-16,1367,Injectable,SOLUTION;INTRAVENOUS,EQ 0.5MG BASE/ML (EQ 0.5MG BASE/ML),2021-12-23,45,2021.0,12.0,2488.17,29858.04,,,,,,No
TAVNEOS,AVACOPAN,Active,2029-12-21,1372,Oral,CAPSULE;ORAL,10MG,2021-10-07,4,2021.0,10.0,241.14,2893.68,,,,,,No
TEKAMLO,ALISKIREN HEMIFUMARATE; AMLODIPINE BESYLATE,Active,2029-12-21,1372,Oral,TABLET;ORAL,EQ 150MG BASE;EQ 5MG BASE,2010-08-26,4,2010.0,8.0,214.56,2574.72,,,,,,No
GIMOTI,METOCLOPRAMIDE HYDROCHLORIDE,Active,2029-12-22,1373,Other,"SPRAY, METERED;NASAL",EQ 15MG BASE/SPRAY,2020-06-19,7,2020.0,6.0,182.13,2185.56,,,,,,No
IBSRELA,TENAPANOR HYDROCHLORIDE,Active,2029-12-30,1381,Oral,TABLET;ORAL,EQ 50MG BASE,2019-09-12,5,2019.0,9.0,670.2,8042.4,,,,,,No
XPHOZAH,TENAPANOR HYDROCHLORIDE,Active,2029-12-30,1381,Oral,TABLET;ORAL,EQ 10MG BASE,2023-10-17,21,2023.0,10.0,565.64,6787.68,,,,,,No
OJJAARA,MOMELOTINIB DIHYDROCHLORIDE,Active,2030-01-03,1385,Oral,TABLET;ORAL,EQ 100MG BASE,2023-09-15,12,2023.0,9.0,466.15,5593.8,,,,,,No
XDEMVY,LOTILANER,Active,2030-01-17,1399,Eye Care,SOLUTION/DROPS;OPHTHALMIC,0.25%,2023-07-24,9,2023.0,7.0,243.53,2922.36,,,,,,No
ATROVENT HFA,IPRATROPIUM BROMIDE,Active,2030-01-17,1399,Respiratory,"AEROSOL, METERED;INHALATION",0.021MG/INH,2004-11-27,1,2004.0,11.0,544.74,6536.88,,,,,,No
SAFYRAL,DROSPIRENONE; ETHINYL ESTRADIOL; LEVOMEFOLATE CALCIUM,Active,2030-02-08,1421,Oral,TABLET;ORAL,"3MG,N/A;0.03MG,N/A;0.451MG,0.451MG",2010-12-16,3,2010.0,12.0,374.71,4496.52,,,,,,No
BEYAZ,DROSPIRENONE; ETHINYL ESTRADIOL; LEVOMEFOLATE CALCIUM,Active,2030-02-08,1421,Oral,TABLET;ORAL,"3MG,N/A;0.02MG,N/A;0.451MG,0.451MG",2010-09-24,5,2010.0,9.0,671.62,8059.44,,,,,,No
SODIUM THIOSULFATE,SODIUM THIOSULFATE,Active,2030-02-10,1423,Injectable,SOLUTION;INTRAVENOUS,12.5GM/50ML (250MG/ML),2012-02-14,6,2012.0,2.0,1597.84,19174.08,,,,,,No
NITHIODOTE,SODIUM NITRITE; SODIUM THIOSULFATE,Active,2030-02-10,1423,Injectable,"SOLUTION, SOLUTION;INTRAVENOUS, INTRAVENOUS","300MG/10ML(30MG/ML),N/A;N/A,12.5GM/50ML(250MG/ML)",2011-01-14,9,2011.0,1.0,1442.36,17308.32,,,,,,No
SODIUM NITRITE,SODIUM NITRITE,Active,2030-02-10,1423,Injectable,SOLUTION;INTRAVENOUS,300MG/10ML (30MG/ML),2012-02-14,3,2012.0,2.0,1656.7,19880.4,,,,,,No
QUZYTTIR,CETIRIZINE HYDROCHLORIDE,Active,2030-02-11,1424,Injectable,SOLUTION;INTRAVENOUS,10MG/ML (10MG/ML),2019-10-04,5,2019.0,10.0,1253.44,15041.28,,,,,,No
DEXTENZA,DEXAMETHASONE,Active,2030-02-12,1425,Eye Care,INSERT;OPHTHALMIC,0.4MG,2018-11-30,7,2018.0,11.0,399.04,4788.48,,,,,,No
ENTEREG,ALVIMOPAN,Active,2030-02-12,1425,Oral,CAPSULE;ORAL,12MG **Federal Register determination that product was not discontinued or withdrawn for safety or effectiveness reasons**,2008-05-20,1,2008.0,5.0,451.9,5422.8,,,,,,No
FABIOR,TAZAROTENE,Active,2030-02-24,1437,Respiratory,"AEROSOL, FOAM;TOPICAL",0.1%,2012-05-11,3,2012.0,5.0,254.5,3054.0,,,,,,No
MYOVIEW 30ML,TECHNETIUM TC-99M TETROFOSMIN KIT,Active,2030-03-10,1451,Injectable,INJECTABLE;INJECTION,,2005-07-07,1,2005.0,7.0,2748.94,32987.28,,,,,,No
ZERVIATE,CETIRIZINE HYDROCHLORIDE,Active,2030-03-15,1456,Eye Care,SOLUTION/DROPS;OPHTHALMIC,EQ 0.24% BASE,2017-05-30,6,2017.0,5.0,253.56,3042.72,,,,,,No
OTOVEL,CIPROFLOXACIN HYDROCHLORIDE; FLUOCINOLONE ACETONIDE,Active,2030-03-24,1465,Other,SOLUTION/DROPS;OTIC,EQ 0.3% BASE;0.025%,2016-04-29,1,2016.0,4.0,371.78,4461.36,,,,,,No
FILSPARI,SPARSENTAN,Active,2030-03-29,1470,Oral,TABLET;ORAL,200MG,2023-02-17,4,2023.0,2.0,734.53,8814.36,,,,,,No
KOVANAZE,OXYMETAZOLINE HYDROCHLORIDE; TETRACAINE HYDROCHLORIDE,Active,2030-04-02,1474,Other,"SPRAY, METERED;NASAL",0.1MG/SPRAY;6MG/SPRAY,2016-06-29,2,2016.0,6.0,412.12,4945.44,,,,,,No
SEGLENTIS,CELECOXIB; TRAMADOL HYDROCHLORIDE,Active,2030-04-19,1491,Oral,TABLET;ORAL,56MG;44MG,2021-10-15,7,2021.0,10.0,181.83,2181.96,,,,,,No
ACETAMINOPHEN,ACETAMINOPHEN,Active,2030-04-19,1491,Injectable,SOLUTION;INTRAVENOUS,1GM/100ML (10MG/ML),2015-10-28,1,2015.0,10.0,2849.58,34194.96,,,,,,No
ZORVOLEX,DICLOFENAC,Active,2030-04-23,1495,Oral,CAPSULE;ORAL,18MG **Federal Register determination that product was not discontinued or withdrawn for safety or effectiveness reasons**,2013-10-18,14,2013.0,10.0,539.4,6472.8,,,,,,No
TIVORBEX,INDOMETHACIN,Active,2030-04-23,1495,Oral,CAPSULE;ORAL,20MG,2014-02-24,6,2014.0,2.0,334.43,4013.16,,,,,,No
APRISO,MESALAMINE,Active,2030-05-01,1503,Oral,"CAPSULE, EXTENDED RELEASE;ORAL",375MG,2008-10-31,1,2008.0,10.0,197.49,2369.88,,,,,,No
VOXZOGO,VOSORITIDE,Active,2030-05-20,1522,Injectable,POWDER;SUBCUTANEOUS,0.4MG/VIAL,2021-11-19,21,2021.0,11.0,2485.06,29820.72,,,,,,No
VENCLEXTA,VENETOCLAX,Active,2030-05-26,1528,Oral,TABLET;ORAL,10MG,2016-04-11,42,2016.0,4.0,534.05,6408.6,,,,,,No
ANJESO,MELOXICAM,Active,2030-05-26,1528,Injectable,SOLUTION;INTRAVENOUS,30MG/ML (30MG/ML) **Federal Register determination that product was not discontinued or withdrawn for safety or effectiveness reasons**,2020-02-20,5,2020.0,2.0,1833.65,22003.8,,,,,,No
AIRSUPRA,ALBUTEROL SULFATE; BUDESONIDE,Active,2030-05-28,1530,Respiratory,"AEROSOL, METERED;INHALATION",EQ 0.09MG BASE/INH;0.08MG/INH,2023-01-10,1,2023.0,1.0,552.25,6627.0,,,,,,No
BREZTRI AEROSPHERE,BUDESONIDE; FORMOTEROL FUMARATE; GLYCOPYRROLATE,Active,2030-05-28,1530,Respiratory,"AEROSOL, METERED;INHALATION",0.16MG/INH;0.0048MG/INH;0.009MG/INH,2020-07-23,9,2020.0,7.0,504.87,6058.44,,,,,,No
SYMBICORT AEROSPHERE,BUDESONIDE; FORMOTEROL FUMARATE,Active,2030-05-28,1530,Respiratory,"AEROSOL, METERED;INHALATION",0.16MG/INH;0.0048MG/INH,2023-04-28,2,2023.0,4.0,218.25,2619.0,,,,,,No
BEVESPI AEROSPHERE,FORMOTEROL FUMARATE; GLYCOPYRROLATE,Active,2030-05-28,1530,Respiratory,"AEROSOL, METERED;INHALATION",0.0048MG/INH;0.0090MG/INH,2016-04-25,7,2016.0,4.0,290.27,3483.24,,,,,,No
STIVARGA,REGORAFENIB,Active,2030-06-02,1535,Oral,TABLET;ORAL,40MG,2012-09-27,4,2012.0,9.0,273.94,3287.28,,,,,,No
CYCLOSET,BROMOCRIPTINE MESYLATE,Active,2030-06-07,1540,Oral,TABLET;ORAL,EQ 0.8MG BASE,2009-05-05,126,2009.0,5.0,620.76,7449.12,,,,,,No
ALECENSA,ALECTINIB HYDROCHLORIDE,Active,2030-06-09,1542,Oral,CAPSULE;ORAL,EQ 150MG BASE,2015-12-11,5,2015.0,12.0,123.47,1481.64,,,,,,No
MAVYRET,GLECAPREVIR; PIBRENTASVIR,Active,2030-06-10,1543,Oral,PELLETS;ORAL,50MG;20MG/PACKET,2021-06-10,51,2021.0,6.0,498.92,5987.04,,,,,,No
XOFLUZA,BALOXAVIR MARBOXIL,Active,2030-06-14,1547,Oral,FOR SUSPENSION;ORAL,2MG/ML,2020-11-23,66,2020.0,11.0,633.72,7604.64,,,,,,No
NOCTIVA,DESMOPRESSIN ACETATE,Active,2030-06-15,1548,Other,"SPRAY, METERED;NASAL",0.00083MG/SPRAY,2017-03-03,6,2017.0,3.0,538.38,6460.56,,,,,,No
SIMBRINZA,BRIMONIDINE TARTRATE; BRINZOLAMIDE,Active,2030-06-17,1550,Eye Care,SUSPENSION/DROPS;OPHTHALMIC,0.2%;1%,2013-04-19,2,2013.0,4.0,236.83,2841.96,,,,,,No
IDOSE TR,TRAVOPROST,Active,2030-06-18,1551,Other,IMPLANT;INTRACAMERAL,75MCG,2023-12-13,4,2023.0,12.0,510.63,6127.56,,,,,,No
IDHIFA,ENASIDENIB MESYLATE,Active,2030-06-21,1554,Oral,TABLET;ORAL,EQ 50MG BASE,2017-08-01,12,2017.0,8.0,177.44,2129.28,,,,,,No
TIBSOVO,IVOSIDENIB,Active,2030-06-21,1554,Oral,TABLET;ORAL,250MG,2018-07-20,31,2018.0,7.0,692.52,8310.24,,,,,,No
ARISTADA INITIO KIT,ARIPIPRAZOLE LAUROXIL,Active,2030-06-24,1557,Other,"SUSPENSION, EXTENDED RELEASE;INTRAMUSCULAR",675MG/2.4ML (281.25MG/ML),2018-06-29,9,2018.0,6.0,163.74,1964.88,,,,,,No
ARISTADA,ARIPIPRAZOLE LAUROXIL,Active,2030-06-24,1557,Other,"SUSPENSION, EXTENDED RELEASE;INTRAMUSCULAR",441MG/1.6ML (275.63MG/ML),2015-10-05,62,2015.0,10.0,298.64,3583.68,,,,,,No
INLEXZO,GEMCITABINE HYDROCHLORIDE,Active,2030-06-28,1561,Other,SYSTEM;INTRAVESICAL,EQ 225MG BASE,2025-09-09,4,2025.0,9.0,498.65,5983.8,,,,,,No
APADAZ,ACETAMINOPHEN; BENZHYDROCODONE HYDROCHLORIDE,Active,2030-07-01,1564,Oral,TABLET;ORAL,325MG;EQ 4.08MG BASE,2019-01-04,15,2019.0,1.0,204.94,2459.28,,,,,,No
XTORO,FINAFLOXACIN,Active,2030-07-02,1565,Other,SUSPENSION/DROPS;OTIC,0.3%,2014-12-17,4,2014.0,12.0,214.63,2575.56,,,,,,No
STEGLATRO,ERTUGLIFLOZIN,Active,2030-07-13,1576,Oral,TABLET;ORAL,5MG,2017-12-19,2,2017.0,12.0,605.58,7266.96,,,,,,No
SEGLUROMET,ERTUGLIFLOZIN; METFORMIN HYDROCHLORIDE,Active,2030-07-13,1576,Oral,TABLET;ORAL,2.5MG;1GM,2017-12-19,12,2017.0,12.0,604.03,7248.36,,,,,,No
COBENFY,TROSPIUM CHLORIDE; XANOMELINE TARTRATE,Active,2030-07-21,1584,Oral,CAPSULE;ORAL,20MG;EQ 50MG BASE,2024-09-26,30,2024.0,9.0,548.8,6585.6,,,,,,No
QINLOCK,RIPRETINIB,Active,2030-07-27,1590,Oral,TABLET;ORAL,50MG,2020-05-15,41,2020.0,5.0,585.76,7029.12,,,,,,No
XOSPATA,GILTERITINIB FUMARATE,Active,2030-07-28,1591,Oral,TABLET;ORAL,EQ 40MG BASE,2018-11-28,8,2018.0,11.0,479.91,5758.92,,,,,,No
IMPLANON,ETONOGESTREL,Active,2030-07-28,1591,Other,IMPLANT;IMPLANTATION,68MG/IMPLANT,2006-07-17,1,2006.0,7.0,225.9,2710.8,,,,,,No
PARSABIV,ETELCALCETIDE,Active,2030-07-29,1592,Injectable,SOLUTION;INTRAVENOUS,2.5MG/0.5ML (2.5MG/0.5ML),2017-02-07,24,2017.0,2.0,1364.24,16370.88,,,,,,No
CHILDREN'S ALLEGRA HIVES,FEXOFENADINE HYDROCHLORIDE,Active,2030-08-02,1596,Oral,SUSPENSION;ORAL,30MG/5ML **Federal Register determination that product was not discontinued or withdrawn for safety or effectiveness reasons**,2011-01-24,1,2011.0,1.0,227.12,2725.44,,,,,,No
CHILDREN'S ALLEGRA ALLERGY,FEXOFENADINE HYDROCHLORIDE,Active,2030-08-02,1596,Oral,SUSPENSION;ORAL,30MG/5ML,2011-01-24,1,2011.0,1.0,735.92,8831.04,,,,,,No
BREXAFEMME,IBREXAFUNGERP CITRATE,Active,2030-08-28,1622,Oral,TABLET;ORAL,EQ 150MG BASE,2021-06-01,6,2021.0,6.0,508.37,6100.44,,,,,,No
QMIIZ ODT,MELOXICAM,Active,2030-08-31,1625,Oral,"TABLET, ORALLY DISINTEGRATING;ORAL",7.5MG **Federal Register determination that product was not discontinued or withdrawn for safety or effectiveness reasons**,2018-10-19,2,2018.0,10.0,380.6,4567.2,,,,,,No
IMPOYZ,CLOBETASOL PROPIONATE,Active,2030-08-31,1625,Topical,CREAM;TOPICAL,0.025%,2017-11-28,13,2017.0,11.0,227.84,2734.08,,,,,,No
SERNIVO,BETAMETHASONE DIPROPIONATE,Active,2030-08-31,1625,Topical,SPRAY;TOPICAL,EQ 0.05% BASE/SPRAY,2016-02-05,7,2016.0,2.0,383.13,4597.56,,,,,,No
LUMISIGHT,PEGULICIANINE ACETATE,Active,2030-09-01,1626,Injectable,POWDER;INTRAVENOUS,EQ 39MG BASE/VIAL,2024-04-17,6,2024.0,4.0,883.38,10600.56,,,,,,No
EXXUA,GEPIRONE HYDROCHLORIDE,Active,2030-09-02,1627,Oral,"TABLET, EXTENDED RELEASE;ORAL",EQ 18.2MG BASE,2023-09-22,4,2023.0,9.0,510.36,6124.32,,,,,,No
TEFLARO,CEFTAROLINE FOSAMIL,Active,2030-09-21,1646,Injectable,POWDER;INTRAVENOUS,400MG/VIAL,2010-10-29,4,2010.0,10.0,1764.72,21176.64,,,,,,No
RAVICTI,GLYCEROL PHENYLBUTYRATE,Active,2030-09-22,1647,Oral,LIQUID;ORAL,1.1GM/ML,2013-02-01,15,2013.0,2.0,528.02,6336.24,,,,,,No
ITOVEBI,INAVOLISIB,Active,2030-09-27,1652,Oral,TABLET;ORAL,3MG,2024-10-10,14,2024.0,10.0,112.68,1352.16,,,,,,No
ZILXI,MINOCYCLINE HYDROCHLORIDE,Active,2030-10-01,1656,Respiratory,"AEROSOL, FOAM;TOPICAL",EQ 1.5% BASE,2020-05-28,9,2020.0,5.0,542.46,6509.52,,,,,,No
AMZEEQ,MINOCYCLINE HYDROCHLORIDE,Active,2030-10-01,1656,Respiratory,"AEROSOL, FOAM;TOPICAL",EQ 4% BASE,2019-10-18,12,2019.0,10.0,569.45,6833.4,,,,,,No
EXEM FOAM KIT,AIR POLYMER-TYPE A,Active,2030-10-15,1670,Other,FOAM;INTRAUTERINE,10ML,2019-11-07,3,2019.0,11.0,382.57,4590.84,,,,,,No
NUBEQA,DAROLUTAMIDE,Active,2030-10-27,1682,Oral,TABLET;ORAL,300MG,2019-07-30,16,2019.0,7.0,587.66,7051.92,,,,,,No
AKYNZEO,NETUPITANT; PALONOSETRON HYDROCHLORIDE,Active,2030-11-18,1704,Oral,CAPSULE;ORAL,300MG;EQ 0.5MG BASE,2014-10-10,36,2014.0,10.0,745.75,8949.0,,,,,,No
CUBICIN RF,DAPTOMYCIN,Active,2030-11-23,1709,Injectable,POWDER;INTRAVENOUS,500MG/VIAL **Federal Register determination that product was not discontinued or withdrawn for safety or effectiveness reasons**,2016-07-06,1,2016.0,7.0,2268.1,27217.2,,,,,,No
FOSRENOL,LANTHANUM CARBONATE,Active,2030-12-01,1717,Oral,POWDER;ORAL,EQ 1GM BASE,2014-09-24,4,2014.0,9.0,206.78,2481.36,,,,,,No
ILEVRO,NEPAFENAC,Active,2030-12-01,1717,Eye Care,SUSPENSION/DROPS;OPHTHALMIC,0.3%,2012-10-16,2,2012.0,10.0,330.52,3966.24,,,,,,No
NEXLETOL,BEMPEDOIC ACID,Active,2030-12-03,1719,Oral,TABLET;ORAL,180MG,2020-02-21,7,2020.0,2.0,524.7,6296.4,,,,,,No
NEXLIZET,BEMPEDOIC ACID; EZETIMIBE,Active,2030-12-03,1719,Oral,TABLET;ORAL,180MG;10MG,2020-02-26,10,2020.0,2.0,396.89,4762.68,,,,,,No
VEVYE,CYCLOSPORINE,Active,2030-12-13,1729,Eye Care,SOLUTION;OPHTHALMIC,0.1%,2023-05-30,6,2023.0,5.0,394.58,4734.96,,,,,,No
KYZATREX,TESTOSTERONE UNDECANOATE,Active,2030-12-31,1747,Oral,CAPSULE;ORAL,100MG,2022-07-27,18,2022.0,7.0,754.06,9048.72,,,,,,No
PLIAGLIS,LIDOCAINE; TETRACAINE,Active,2031-01-14,1761,Topical,CREAM;TOPICAL,7%;7%,2006-06-29,3,2006.0,6.0,376.18,4514.16,,,,,,No
RINVOQ LQ,UPADACITINIB,Active,2031-01-15,1762,Oral,SOLUTION;ORAL,1MG/ML,2024-04-26,12,2024.0,4.0,415.59,4987.08,,,,,,No
RINVOQ,UPADACITINIB,Active,2031-01-15,1762,Oral,"TABLET, EXTENDED RELEASE;ORAL",15MG,2019-08-16,96,2019.0,8.0,179.27,2151.24,,,,,,No
ZYPITAMAG,PITAVASTATIN MAGNESIUM,Active,2031-01-19,1766,Oral,TABLET;ORAL,EQ 1MG BASE,2017-07-14,3,2017.0,7.0,789.39,9472.68,,,,,,No
JELMYTO,MITOMYCIN,Active,2031-01-20,1767,Other,POWDER;PYELOCALYCEAL,40MG/VIAL,2020-04-15,3,2020.0,4.0,519.45,6233.4,,,,,,No
ZUSDURI,MITOMYCIN,Active,2031-01-20,1767,Other,POWDER;INTRAVESICAL,40MG/VIAL,2025-06-12,4,2025.0,6.0,162.33,1947.96,,,,,,No
INVEGA SUSTENNA,PALIPERIDONE PALMITATE,Active,2031-01-26,1773,Other,"SUSPENSION, EXTENDED RELEASE;INTRAMUSCULAR",39MG/0.25ML (39MG/0.25ML),2009-07-31,10,2009.0,7.0,560.42,6725.04,,,,,,No
PYRUKYND,MITAPIVAT SULFATE,Active,2031-02-24,1802,Oral,TABLET;ORAL,EQ 5MG BASE,2022-02-17,27,2022.0,2.0,708.93,8507.16,,,,,,No
RESTASIS MULTIDOSE,CYCLOSPORINE,Active,2031-02-25,1803,Eye Care,EMULSION;OPHTHALMIC,0.05%,2016-10-27,4,2016.0,10.0,307.54,3690.48,,,,,,No
NALOXONE HYDROCHLORIDE (AUTOINJECTOR),NALOXONE HYDROCHLORIDE,Active,2031-02-28,1806,Injectable,"SOLUTION;INTRAMUSCULAR, SUBCUTANEOUS",10MG/0.4ML (10MG/0.4ML),2022-02-28,6,2022.0,2.0,1978.19,23738.28,,,,,,No
BARHEMSYS,AMISULPRIDE,Active,2031-03-10,1816,Injectable,SOLUTION;INTRAVENOUS,5MG/2ML (2.5MG/ML),2020-02-26,32,2020.0,2.0,1497.51,17970.12,,,,,,No
ACCRUFER,FERRIC MALTOL,Active,2031-03-29,1835,Oral,CAPSULE;ORAL,30MG IRON,2019-07-25,3,2019.0,7.0,138.33,1659.96,,,,,,No
AUSTEDO,DEUTETRABENAZINE,Active,2031-04-03,1840,Oral,TABLET;ORAL,6MG,2017-04-03,96,2017.0,4.0,334.64,4015.68,,,,,,No
AUSTEDO XR,DEUTETRABENAZINE,Active,2031-04-03,1840,Oral,"TABLET, EXTENDED RELEASE;ORAL",6MG,2023-02-17,208,2023.0,2.0,662.0,7944.0,,,,,,No
VEOZAH,FEZOLINETANT,Active,2031-04-04,1841,Oral,TABLET;ORAL,45MG,2023-05-12,4,2023.0,5.0,103.24,1238.88,,,,,,No
XHANCE,FLUTICASONE PROPIONATE,Active,2031-04-04,1841,Other,"SPRAY, METERED;NASAL",0.093MG,2017-09-18,2,2017.0,9.0,266.75,3201.0,,,,,,No
VIVJOA,OTESECONAZOLE,Active,2031-04-22,1859,Oral,CAPSULE;ORAL,150MG,2022-04-26,5,2022.0,4.0,378.72,4544.64,,,,,,No
BALVERSA,ERDAFITINIB,Active,2031-04-28,1865,Oral,TABLET;ORAL,3MG,2019-04-12,51,2019.0,4.0,476.18,5714.16,,,,,,No
YORVIPATH,PALOPEGTERIPARATIDE,Active,2031-04-30,1867,Injectable,SOLUTION;SUBCUTANEOUS,EQ 0.168MG TERIPARATIDE/0.56ML (EQ 0.168MG TERIPARATIDE/0.56ML),2024-08-09,27,2024.0,8.0,2799.64,33595.68,,,,,,No
ATTRUBY,ACORAMIDIS HYDROCHLORIDE,Active,2031-05-05,1872,Oral,TABLET;ORAL,EQ 356MG BASE,2024-11-22,12,2024.0,11.0,342.44,4109.28,,,,,,No
ZTLIDO,LIDOCAINE,Active,2031-05-10,1877,Topical,PATCH;TOPICAL,1.8%,2018-02-28,8,2018.0,2.0,191.03,2292.36,,,,,,No
MINOCIN,MINOCYCLINE HYDROCHLORIDE,Active,2031-05-12,1879,Injectable,INJECTABLE;INJECTION,EQ 100MG BASE/VIAL,,4,,,2343.75,28125.0,,,,,,No
VESICARE LS,SOLIFENACIN SUCCINATE,Active,2031-05-18,1885,Oral,SUSPENSION;ORAL,1MG/ML,2020-05-26,1,2020.0,5.0,416.55,4998.6,,,,,,No
QVAR 80,BECLOMETHASONE DIPROPIONATE,Active,2031-05-18,1885,Respiratory,"AEROSOL, METERED;INHALATION",0.08MG/INH **Federal Register determination that product was not discontinued or withdrawn for safety or effectiveness reasons**,2000-09-15,5,2000.0,9.0,251.07,3012.84,,,,,,No
QVAR 40,BECLOMETHASONE DIPROPIONATE,Active,2031-05-18,1885,Respiratory,"AEROSOL, METERED;INHALATION",0.04MG/INH **Federal Register determination that product was not discontinued or withdrawn for safety or effectiveness reasons**,2000-09-15,5,2000.0,9.0,353.6,4243.2,,,,,,No
VERQUVO,VERICIGUAT,Active,2031-05-19,1886,Oral,TABLET;ORAL,2.5MG,2021-01-19,18,2021.0,1.0,198.6,2383.2,,,,,,No
LIVMARLI,MARALIXIBAT CHLORIDE,Active,2031-05-26,1893,Oral,SOLUTION;ORAL,EQ 9.5MG BASE/ML,2021-09-29,51,2021.0,9.0,223.47,2681.64,,,,,,No
RISVAN,RISPERIDONE,Active,2031-05-31,1898,Other,"FOR SUSPENSION, EXTENDED RELEASE;INTRAMUSCULAR",75MG,2024-03-29,28,2024.0,3.0,349.18,4190.16,,,,,,No
SUBLOCADE,BUPRENORPHINE,Active,2031-06-06,1904,Injectable,"SOLUTION, EXTENDED RELEASE;SUBCUTANEOUS",100MG/0.5ML (100MG/0.5ML),2017-11-30,47,2017.0,11.0,1547.31,18567.72,,,,,,No
KEPPRA,LEVETIRACETAM,Active,2031-06-07,1905,Oral,TABLET;ORAL,1GM,2006-01-06,8,2006.0,1.0,740.39,8884.68,,,,,,No
ENSTILAR,BETAMETHASONE DIPROPIONATE; CALCIPOTRIENE,Active,2031-06-10,1908,Respiratory,"AEROSOL, FOAM;TOPICAL",0.064%;0.005%,2015-10-16,11,2015.0,10.0,313.08,3756.96,,,,,,No
DROSPIRENONE,DROSPIRENONE,Active,2031-06-28,1926,Oral,"TABLET, CHEWABLE;ORAL",3.5MG,2022-06-29,15,2022.0,6.0,506.41,6076.92,,,,,,No
SLYND,DROSPIRENONE,Active,2031-06-28,1926,Oral,TABLET;ORAL,4MG,2019-05-23,15,2019.0,5.0,542.59,6511.08,,,,,,No
IYUZEH,LATANOPROST,Active,2031-07-08,1936,Eye Care,SOLUTION/DROPS;OPHTHALMIC,0.005%,2022-12-13,1,2022.0,12.0,105.24,1262.88,,,,,,No
MYDCOMBI,PHENYLEPHRINE HYDROCHLORIDE; TROPICAMIDE,Active,2031-07-15,1943,Eye Care,"SPRAY, METERED;OPHTHALMIC",2.5%;1%,2023-05-05,3,2023.0,5.0,365.41,4384.92,,,,,,No
ZILRETTA,TRIAMCINOLONE ACETONIDE,Active,2031-08-04,1963,Other,"FOR SUSPENSION, EXTENDED RELEASE;INTRA-ARTICULAR",32MG/VIAL,2017-10-06,2,2017.0,10.0,189.02,2268.24,,,,,,No
OJEMDA,TOVORAFENIB,Active,2031-08-04,1963,Oral,FOR SUSPENSION;ORAL,25MG/ML,2024-04-23,4,2024.0,4.0,772.75,9273.0,,,,,,No
THYQUIDITY,LEVOTHYROXINE SODIUM,Active,2031-08-06,1965,Oral,SOLUTION;ORAL,100MCG/5ML,2020-11-30,1,2020.0,11.0,204.06,2448.72,,,,,,No
DOCETAXEL,DOCETAXEL,Active,2031-08-07,1966,Injectable,INJECTABLE;INJECTION,20MG/ML (20MG/ML),2015-12-22,30,2015.0,12.0,1536.56,18438.72,,,,,,No
ECOZA,ECONAZOLE NITRATE,Active,2031-08-08,1967,Respiratory,"AEROSOL, FOAM;TOPICAL",1%,2013-10-24,1,2013.0,10.0,188.41,2260.92,,,,,,No
VABOMERE,MEROPENEM; VABORBACTAM,Active,2031-08-08,1967,Injectable,POWDER;INTRAVENOUS,1GM/VIAL;1GM/VIAL,2017-08-29,9,2017.0,8.0,2992.19,35906.28,,,,,,No
OHTUVAYRE,ENSIFENTRINE,Active,2031-08-21,1980,Respiratory,SUSPENSION;INHALATION,3MG/2.5ML,2024-06-26,5,2024.0,6.0,375.99,4511.88,,,,,,No
UPNEEQ,OXYMETAZOLINE HYDROCHLORIDE,Active,2031-08-26,1985,Eye Care,SOLUTION/DROPS;OPHTHALMIC,0.1%,2020-07-08,12,2020.0,7.0,338.15,4057.8,,,,,,No
SOHONOS,PALOVAROTENE,Active,2031-08-31,1990,Oral,CAPSULE;ORAL,1MG,2023-08-16,45,2023.0,8.0,146.95,1763.4,,,,,,No
TEMBEXA,BRINCIDOFOVIR,Active,2031-08-31,1990,Oral,SUSPENSION;ORAL,10MG/ML,2021-06-04,6,2021.0,6.0,624.97,7499.64,,,,,,No
VILTEPSO,VILTOLARSEN,Active,2031-08-31,1990,Injectable,SOLUTION;INTRAVENOUS,250MG/5ML (50MG/ML),2020-08-12,2,2020.0,8.0,1024.76,12297.12,,,,,,No
UCERIS,BUDESONIDE,Active,2031-09-07,1997,Oral,"TABLET, EXTENDED RELEASE;ORAL",9MG,2013-01-14,5,2013.0,1.0,728.64,8743.68,,,,,,No
ULORIC,FEBUXOSTAT,Active,2031-09-08,1998,Oral,TABLET;ORAL,40MG,2009-02-13,4,2009.0,2.0,243.6,2923.2,,,,,,No
TRYPTYR,ACOLTREMON,Active,2031-09-08,1998,Eye Care,SOLUTION/DROPS;OPHTHALMIC,0.003%,2025-05-28,5,2025.0,5.0,176.28,2115.36,,,,,,No
TAZVERIK,TAZEMETOSTAT HYDROBROMIDE,Active,2031-09-12,2002,Oral,TABLET;ORAL,EQ 200MG BASE,2020-01-23,46,2020.0,1.0,125.58,1506.96,,,,,,No
ANZUPGO,DELGOCITINIB,Active,2031-09-19,2009,Topical,CREAM;TOPICAL,2%,2025-07-23,1,2025.0,7.0,231.06,2772.72,,,,,,No
DAYVIGO,LEMBOREXANT,Active,2031-09-20,2010,Oral,TABLET;ORAL,5MG,2020-04-07,8,2020.0,4.0,495.39,5944.68,,,,,,No
VERZENIO,ABEMACICLIB,Active,2031-09-28,2018,Oral,TABLET;ORAL,50MG,2017-09-28,17,2017.0,9.0,146.0,1752.0,,,,,,No
IONSYS,FENTANYL HYDROCHLORIDE,Active,2031-09-30,2020,Other,"SYSTEM;IONTOPHORESIS, TRANSDERMAL",EQ 40MCG BASE/ACTIVATION,2006-05-22,7,2006.0,5.0,487.76,5853.12,,,,,,No
ZAVZPRET,ZAVEGEPANT HYDROCHLORIDE,Active,2031-10-07,2027,Other,"SPRAY, METERED;NASAL",EQ 10MG BASE/SPRAY,2023-03-09,1,2023.0,3.0,326.64,3919.68,,,,,,No
CLEVIPREX,CLEVIDIPINE,Active,2031-10-10,2030,Injectable,EMULSION;INTRAVENOUS,25MG/50ML (0.5MG/ML),2008-08-01,9,2008.0,8.0,1810.98,21731.76,,,,,,No
QNASL,BECLOMETHASONE DIPROPIONATE,Active,2031-10-21,2041,Respiratory,"AEROSOL, METERED;NASAL",0.04MG/ACTUATION,2014-12-17,2,2014.0,12.0,348.34,4180.08,,,,,,No
ANGELIQ,DROSPIRENONE; ESTRADIOL,Active,2031-10-22,2042,Oral,TABLET;ORAL,0.25MG;0.5MG,2012-02-29,1,2012.0,2.0,380.53,4566.36,,,,,,No
COSELA,TRILACICLIB DIHYDROCHLORIDE,Active,2031-10-25,2045,Injectable,POWDER;INTRAVENOUS,EQ 300MG BASE/VIAL,2021-02-12,16,2021.0,2.0,1899.1,22789.2,,,,,,No
COMBOGESIC IV,ACETAMINOPHEN; IBUPROFEN SODIUM,Active,2031-10-26,2046,Injectable,SOLUTION;INTRAVENOUS,1GM/100ML (10MG/ML);EQ 300MG BASE/100ML (EQ 3MG BASE/ML),2023-10-17,10,2023.0,10.0,888.1,10657.2,,,,,,No
LIVTENCITY,MARIBAVIR,Active,2031-10-27,2047,Oral,TABLET;ORAL,200MG,2021-11-23,6,2021.0,11.0,227.35,2728.2,,,,,,No
MYTESI,CROFELEMER,Active,2031-10-31,2051,Oral,"TABLET, DELAYED RELEASE;ORAL",125MG,2012-12-31,2,2012.0,12.0,703.25,8439.0,,,,,,No
BRYHALI,HALOBETASOL PROPIONATE,Active,2031-11-02,2053,Topical,LOTION;TOPICAL,0.01%,2018-11-06,6,2018.0,11.0,382.76,4593.12,,,,,,No
DUOBRII,HALOBETASOL PROPIONATE; TAZAROTENE,Active,2031-11-02,2053,Topical,LOTION;TOPICAL,0.01%;0.045%,2019-04-25,10,2019.0,4.0,199.46,2393.52,,,,,,No
BYLVAY,ODEVIXIBAT,Active,2031-11-08,2059,Oral,"CAPSULE, PELLETS;ORAL",0.2MG,2021-07-20,96,2021.0,7.0,289.52,3474.24,,,,,,No
QULIPTA,ATOGEPANT,Active,2031-11-10,2061,Oral,TABLET;ORAL,10MG,2021-09-28,20,2021.0,9.0,550.8,6609.6,,,,,,No
UBRELVY,UBROGEPANT,Active,2031-11-10,2061,Oral,TABLET;ORAL,50MG,2019-12-23,28,2019.0,12.0,386.11,4633.32,,,,,,No
BINOSTO,ALENDRONATE SODIUM,Active,2031-12-05,2086,Oral,"TABLET, EFFERVESCENT;ORAL",EQ 70MG BASE,2012-03-12,1,2012.0,3.0,117.77,1413.24,,,,,,No
TUXARIN ER,CHLORPHENIRAMINE MALEATE; CODEINE PHOSPHATE,Active,2032-01-03,2115,Oral,"TABLET, EXTENDED RELEASE;ORAL",8MG;54.3MG,2015-06-22,2,2015.0,6.0,209.31,2511.72,,,,,,No
PRECEDEX,DEXMEDETOMIDINE HYDROCHLORIDE,Active,2032-01-04,2116,Injectable,INJECTABLE;INJECTION,EQ 80MCG BASE/20ML (EQ 4MCG BASE/ML),2014-11-14,38,2014.0,11.0,2289.93,27479.16,,,,,,No
LAZANDA,FENTANYL CITRATE,Active,2032-01-26,2138,Other,"SPRAY, METERED;NASAL",EQ 0.1MG BASE **Federal Register determination that product was not discontinued or withdrawn for safety or effectiveness reasons**,2011-06-30,3,2011.0,6.0,429.46,5153.52,,,,,,No
DAYBUE,TROFINETIDE,Active,2032-01-27,2139,Oral,SOLUTION;ORAL,200MG/ML,2023-03-10,3,2023.0,3.0,118.97,1427.64,,,,,,No
LOKELMA,SODIUM ZIRCONIUM CYCLOSILICATE,Active,2032-02-10,2153,Oral,FOR SUSPENSION;ORAL,5GM/PACKET,2018-05-18,27,2018.0,5.0,255.38,3064.56,,,,,,No
JOENJA,LENIOLISIB PHOSPHATE,Active,2032-02-19,2162,Oral,TABLET;ORAL,EQ 70MG BASE,2023-03-24,1,2023.0,3.0,261.75,3141.0,,,,,,No
REZZAYO,REZAFUNGIN ACETATE,Active,2032-03-02,2174,Injectable,POWDER;INTRAVENOUS,EQ 200MG BASE/VIAL,2023-03-22,7,2023.0,3.0,2179.73,26156.76,,,,,,No
NEOPROFEN,IBUPROFEN LYSINE,Active,2032-03-02,2174,Injectable,INJECTABLE;INTRAVENOUS,EQ 20MG BASE/2ML (EQ 10MG BASE/ML),2006-04-13,1,2006.0,4.0,549.28,6591.36,,,,,,No
PLENVU,ASCORBIC ACID; POLYETHYLENE GLYCOL 3350; POTASSIUM CHLORIDE; SODIUM ASCORBATE; SODIUM CHLORIDE; SODIUM SULFATE,Active,2032-03-09,2181,Oral,FOR SOLUTION;ORAL,7.54GM;140GM;2.2GM;48.11GM;5.2GM;9GM,2018-05-04,11,2018.0,5.0,172.88,2074.56,,,,,,No
GONITRO,NITROGLYCERIN,Active,2032-03-11,2183,Other,POWDER;SUBLINGUAL,0.4MG/PACKET,2016-06-08,1,2016.0,6.0,499.96,5999.52,,,,,,No
JORNAY PM,METHYLPHENIDATE HYDROCHLORIDE,Active,2032-03-23,2195,Oral,"CAPSULE, EXTENDED RELEASE;ORAL",20MG,2018-08-08,80,2018.0,8.0,224.98,2699.76,,,,,,No
OLINVYK,OLICERIDINE,Active,2032-03-23,2195,Injectable,SOLUTION;INTRAVENOUS,1MG/ML (1MG/ML),2020-10-30,15,2020.0,10.0,2131.87,25582.44,,,,,,No
RYKINDO,RISPERIDONE,Active,2032-04-10,2213,Other,"FOR SUSPENSION, EXTENDED RELEASE;INTRAMUSCULAR",12.5MG,2023-01-13,20,2023.0,1.0,219.09,2629.08,,,,,,No
DILAUDID-HP,HYDROMORPHONE HYDROCHLORIDE,Active,2032-04-23,2226,Injectable,INJECTABLE;INJECTION,10MG/ML,1984-01-11,4,1984.0,1.0,748.6,8983.2,,,,,,No
DILAUDID,HYDROMORPHONE HYDROCHLORIDE,Active,2032-04-23,2226,Injectable,INJECTABLE;INJECTION,0.2MG/ML,2020-01-16,10,2020.0,1.0,1107.93,13295.16,,,,,,No
TRYNGOLZA (AUTOINJECTOR),OLEZARSEN SODIUM,Active,2032-04-27,2230,Injectable,SOLUTION;SUBCUTANEOUS,EQ 80MG BASE/0.8ML (EQ 80MG BASE/0.8ML),2024-12-19,5,2024.0,12.0,2305.67,27668.04,,,,,,No
MODEYSO,DORDAVIPRONE HYDROCHLORIDE,Active,2032-04-30,2233,Oral,CAPSULE;ORAL,EQ 125MG BASE,2025-08-06,7,2025.0,8.0,698.99,8387.88,,,,,,No
CETYLEV,ACETYLCYSTEINE,Active,2032-05-08,2241,Oral,"TABLET, EFFERVESCENT;ORAL",2.5GM,2016-01-29,6,2016.0,1.0,681.15,8173.8,,,,,,No
DEXYCU KIT,DEXAMETHASONE,Active,2032-05-11,2244,Other,SUSPENSION;INTRAOCULAR,9%,2018-02-09,5,2018.0,2.0,298.59,3583.08,,,,,,No
RIVIVE,NALOXONE HYDROCHLORIDE,Active,2032-05-11,2244,Other,"SPRAY, METERED;NASAL",3MG/SPRAY,2023-07-28,3,2023.0,7.0,434.04,5208.48,,,,,,No
PATADAY ONCE DAILY RELIEF,OLOPATADINE HYDROCHLORIDE,Active,2032-05-19,2252,Eye Care,SOLUTION/DROPS;OPHTHALMIC,EQ 0.7% BASE,2015-01-30,2,2015.0,1.0,181.99,2183.88,,,,,,No
TAUVID,FLORTAUCIPIR F-18,Active,2032-05-26,2259,Injectable,SOLUTION;INTRAVENOUS,30ML (8.1-51mCi/ML),2020-05-28,4,2020.0,5.0,1232.87,14794.44,,,,,,No
DEFITELIO,DEFIBROTIDE SODIUM,Active,2032-06-22,2286,Injectable,SOLUTION;INTRAVENOUS,200MG/2.5ML (80MG/ML),2016-03-30,3,2016.0,3.0,2740.84,32890.08,,,,,,No
ADZENYS ER,AMPHETAMINE,Active,2032-06-28,2292,Oral,"SUSPENSION, EXTENDED RELEASE;ORAL",EQ 1.25MG BASE/ML,2017-09-15,3,2017.0,9.0,109.1,1309.2,,,,,,No
FIRDAPSE,AMIFAMPRIDINE PHOSPHATE,Active,2032-06-29,2293,Oral,TABLET;ORAL,EQ 10MG BASE,2018-11-28,6,2018.0,11.0,159.86,1918.32,,,,,,No
TAGRISSO,OSIMERTINIB MESYLATE,Active,2032-07-25,2319,Oral,TABLET;ORAL,EQ 40MG BASE,2015-11-13,34,2015.0,11.0,245.52,2946.24,,,,,,No
XPOVIO,SELINEXOR,Active,2032-07-26,2320,Oral,TABLET;ORAL,10MG,2025-03-10,144,2025.0,3.0,118.57,1422.84,,,,,,No
AZSTARYS,DEXMETHYLPHENIDATE HYDROCHLORIDE; SERDEXMETHYLPHENIDATE CHLORIDE,Active,2032-07-27,2321,Oral,CAPSULE;ORAL,EQ 5.2MG BASE;EQ 26.1MG BASE,2021-05-07,18,2021.0,5.0,227.0,2724.0,,,,,,No
ZOLPIMIST,ZOLPIDEM TARTRATE,Active,2032-08-07,2332,Oral,"SPRAY, METERED;ORAL",5MG/SPRAY,2008-12-19,1,2008.0,12.0,508.13,6097.56,,,,,,No
NETSPOT,GALLIUM DOTATATE GA-68,Active,2032-08-10,2335,Injectable,POWDER;INTRAVENOUS,2.1-5.5mCi/ML,2016-06-01,1,2016.0,6.0,1553.56,18642.72,,,,,,No
MIUDELLA,COPPER,Active,2032-08-14,2339,Other,SYSTEM;INTRAUTERINE,,2025-02-24,13,2025.0,2.0,546.34,6556.08,,,,,,No
DETECTNET,COPPER CU-64 DOTATATE,Active,2032-08-23,2348,Injectable,SOLUTION;INTRAVENOUS,4mL (1mCi/ML),2020-09-03,4,2020.0,9.0,2543.61,30523.32,,,,,,No
LEVOTHYROXINE SODIUM,LEVOTHYROXINE SODIUM,Active,2032-08-29,2354,Injectable,POWDER;INTRAVENOUS,100MCG/VIAL,2011-06-24,19,2011.0,6.0,1354.54,16254.48,,,,,,No
PIFELTRO,DORAVIRINE,Active,2032-08-30,2355,Oral,TABLET;ORAL,100MG,2018-08-30,3,2018.0,8.0,281.6,3379.2,,,,,,No
DELSTRIGO,DORAVIRINE; LAMIVUDINE; TENOFOVIR DISOPROXIL FUMARATE,Active,2032-08-30,2355,Oral,TABLET;ORAL,100MG;300MG;300MG,2018-08-30,5,2018.0,8.0,365.78,4389.36,,,,,,No
TRUDHESA,DIHYDROERGOTAMINE MESYLATE,Active,2032-09-05,2361,Other,"SPRAY, METERED;NASAL",0.725MG/SPRAY,2021-09-02,6,2021.0,9.0,395.15,4741.8,,,,,,No
VAZALORE,ASPIRIN,Active,2032-09-29,2385,Oral,CAPSULE;ORAL,81MG,2021-02-26,8,2021.0,2.0,287.64,3451.68,,,,,,No
DAWNZERA (AUTOINJECTOR),DONIDALORSEN SODIUM,Active,2032-10-21,2407,Injectable,SOLUTION;SUBCUTANEOUS,EQ 80MG BASE/0.8ML (EQ 80MG BASE/0.8ML),2025-08-21,5,2025.0,8.0,2060.37,24724.44,,,,,,No
XCOPRI,CENOBAMATE,Active,2032-10-30,2416,Oral,TABLET;ORAL,12.5MG,2020-03-10,12,2020.0,3.0,386.59,4639.08,,,,,,No
BORTEZOMIB,BORTEZOMIB,Active,2032-11-03,2420,Injectable,POWDER;INTRAVENOUS,3.5MG/VIAL,2017-11-06,11,2017.0,11.0,1880.12,22561.44,,,,,,No
EPANED KIT,ENALAPRIL MALEATE,Active,2032-11-06,2423,Oral,FOR SOLUTION;ORAL,1MG/ML **Federal Register determination that product was not discontinued or withdrawn for safety or effectiveness reasons**,2013-08-13,12,2013.0,8.0,405.29,4863.48,,,,,,No
HEPZATO,MELPHALAN HYDROCHLORIDE,Active,2032-11-07,2424,Other,POWDER;INTRA-ARTERIAL,EQ 50MG BASE/VIAL,2023-08-14,11,2023.0,8.0,247.23,2966.76,,,,,,No
ALKINDI SPRINKLE,HYDROCORTISONE,Active,2032-11-19,2436,Oral,GRANULE;ORAL,0.5MG,2020-09-29,12,2020.0,9.0,763.92,9167.04,,,,,,No
IMVEXXY,ESTRADIOL,Active,2032-11-21,2438,Other,INSERT;VAGINAL,0.004MG,2018-05-29,66,2018.0,5.0,481.8,5781.6,,,,,,No
BIJUVA,ESTRADIOL; PROGESTERONE,Active,2032-11-21,2438,Oral,CAPSULE;ORAL,0.5MG;100MG,2021-12-28,39,2021.0,12.0,198.08,2376.96,,,,,,No
CASPOFUNGIN ACETATE,CASPOFUNGIN ACETATE,Active,2032-12-21,2468,Injectable,POWDER;INTRAVENOUS,50MG/VIAL,2016-12-30,2,2016.0,12.0,2671.17,32054.04,,,,,,No
OXBRYTA,VOXELOTOR,Active,2032-12-28,2475,Oral,"TABLET, FOR SUSPENSION;ORAL",300MG,2021-12-17,38,2021.0,12.0,441.2,5294.4,,,,,,No
YOSPRALA,ASPIRIN; OMEPRAZOLE,Active,2033-01-02,2480,Oral,"TABLET, DELAYED RELEASE;ORAL",81MG;40MG,2016-09-14,4,2016.0,9.0,726.19,8714.28,,,,,,No
XATMEP,METHOTREXATE SODIUM,Active,2033-01-02,2480,Oral,SOLUTION;ORAL,EQ 2.5MG BASE/ML,2017-04-25,9,2017.0,4.0,659.9,7918.8,,,,,,No
XYWAV,CALCIUM OXYBATE; MAGNESIUM OXYBATE; POTASSIUM OXYBATE; SODIUM OXYBATE,Active,2033-01-11,2489,Oral,SOLUTION;ORAL,0.234GM/ML;0.096GM/ML;0.13GM/ML;0.04GM/ML,2020-07-21,24,2020.0,7.0,397.65,4771.8,,,,,,No
HETLIOZ LQ,TASIMELTEON,Active,2033-01-25,2503,Oral,SUSPENSION;ORAL,4MG/ML,2020-12-01,27,2020.0,12.0,115.73,1388.76,,,,,,No
HETLIOZ,TASIMELTEON,Active,2033-01-25,2503,Oral,CAPSULE;ORAL,20MG,2014-01-31,48,2014.0,1.0,288.07,3456.84,,,,,,No
NAFTIN,NAFTIFINE HYDROCHLORIDE,Active,2033-01-31,2509,Topical,GEL;TOPICAL,2%,2013-06-27,6,2013.0,6.0,253.32,3039.84,,,,,,No
EVRYSDI,RISDIPLAM,Active,2033-02-08,2517,Oral,FOR SOLUTION;ORAL,0.75MG/ML,2020-08-07,13,2020.0,8.0,543.43,6521.16,,,,,,No
LYTGOBI,FUTIBATINIB,Active,2033-02-13,2522,Oral,TABLET;ORAL,4MG,2022-09-30,6,2022.0,9.0,280.52,3366.24,,,,,,No
BONJESTA,DOXYLAMINE SUCCINATE; PYRIDOXINE HYDROCHLORIDE,Active,2033-02-18,2527,Oral,"TABLET, EXTENDED RELEASE;ORAL",20MG;20MG,2016-11-07,4,2016.0,11.0,197.55,2370.6,,,,,,No
NURTEC ODT,RIMEGEPANT SULFATE,Active,2033-02-25,2534,Oral,"TABLET, ORALLY DISINTEGRATING;ORAL",EQ 75MG BASE,2020-02-27,5,2020.0,2.0,684.45,8213.4,,,,,,No
ORFADIN,NITISINONE,Active,2033-02-28,2537,Oral,SUSPENSION;ORAL,4MG/ML,2016-04-22,1,2016.0,4.0,789.08,9468.96,,,,,,No
WAYRILZ,RILZABRUTINIB,Active,2033-03-01,2538,Oral,TABLET;ORAL,400MG,2025-08-29,7,2025.0,8.0,467.98,5615.76,,,,,,No
LORBRENA,LORLATINIB,Active,2033-03-05,2542,Oral,TABLET;ORAL,25MG,2018-11-02,10,2018.0,11.0,220.18,2642.16,,,,,,No
OPFOLDA,MIGLUSTAT,Active,2033-03-07,2544,Oral,CAPSULE;ORAL,65MG,2023-09-28,10,2023.0,9.0,290.62,3487.44,,,,,,No
ESMOLOL HYDROCHLORIDE IN PLASTIC CONTAINER,ESMOLOL HYDROCHLORIDE,Active,2033-03-15,2552,Injectable,SOLUTION;INTRAVENOUS,2.5GM/250ML (10MG/ML),2016-04-07,2,2016.0,4.0,545.98,6551.76,,,,,,No
QFITLIA,FITUSIRAN SODIUM,Active,2033-03-15,2552,Injectable,SOLUTION;SUBCUTANEOUS,EQ 20MG BASE/0.2ML (EQ 20MG BASE/0.2ML),2025-03-28,6,2025.0,3.0,2785.75,33429.0,,,,,,No
ESMOLOL HYDROCHLORIDE DOUBLE STRENGTH IN PLASTIC CONTAINER,ESMOLOL HYDROCHLORIDE,Active,2033-03-15,2552,Injectable,SOLUTION;INTRAVENOUS,2GM/100ML (20MG/ML),2016-04-07,2,2016.0,4.0,794.38,9532.56,,,,,,No
XYREM,SODIUM OXYBATE,Active,2033-03-15,2552,Oral,SOLUTION;ORAL,0.5GM/ML,2002-07-17,14,2002.0,7.0,503.56,6042.72,,,,,,No
PHEXXI,CITRIC ACID; LACTIC ACID; POTASSIUM BITARTRATE,Active,2033-03-15,2552,Other,GEL;VAGINAL,1%;1.8%;0.4%,2020-05-22,4,2020.0,5.0,237.03,2844.36,,,,,,No
QUDEXY XR,TOPIRAMATE,Active,2033-03-19,2556,Oral,"CAPSULE, EXTENDED RELEASE;ORAL",25MG,2014-03-11,25,2014.0,3.0,487.92,5855.04,,,,,,No
RECARBRIO,CILASTATIN SODIUM; IMIPENEM; RELEBACTAM,Active,2033-03-21,2558,Injectable,POWDER;INTRAVENOUS,EQ 500MG BASE/VIAL;500MG/VIAL;250MG/VIAL,2019-07-16,3,2019.0,7.0,2128.55,25542.6,,,,,,No
VIVLODEX,MELOXICAM,Active,2033-03-31,2568,Oral,CAPSULE;ORAL,5MG **Federal Register determination that product was not discontinued or withdrawn for safety or effectiveness reasons**,2015-10-22,8,2015.0,10.0,680.82,8169.84,,,,,,No
XACDURO (COPACKAGED),DURLOBACTAM SODIUM; DURLOBACTAM SODIUM; SULBACTAM SODIUM,Active,2033-04-02,2570,Injectable,POWDER;INTRAVENOUS,EQ 500MG BASE/VIAL; EQ 500MG BASE/VIAL;EQ 1GM BASE/VIAL,2023-05-23,4,2023.0,5.0,1016.05,12192.6,,,,,,No
TIGECYCLINE,TIGECYCLINE,Active,2033-04-07,2575,Injectable,POWDER;INTRAVENOUS,50MG/VIAL,2018-08-02,1,2018.0,8.0,527.49,6329.88,,,,,,No
ROSZET,EZETIMIBE; ROSUVASTATIN CALCIUM,Active,2033-05-01,2599,Oral,TABLET;ORAL,10MG;EQ 5MG BASE,2021-03-23,8,2021.0,3.0,195.82,2349.84,,,,,,No
INVELTYS,LOTEPREDNOL ETABONATE,Active,2033-05-03,2601,Eye Care,SUSPENSION/DROPS;OPHTHALMIC,1%,2018-08-22,14,2018.0,8.0,460.01,5520.12,,,,,,No
FINTEPLA,FENFLURAMINE HYDROCHLORIDE,Active,2033-05-03,2601,Oral,SOLUTION;ORAL,EQ 2.2MG BASE/ML,2020-06-25,31,2020.0,6.0,711.72,8540.64,,,,,,No
EYSUVIS,LOTEPREDNOL ETABONATE,Active,2033-05-03,2601,Eye Care,SUSPENSION/DROPS;OPHTHALMIC,0.25%,2020-10-26,17,2020.0,10.0,338.97,4067.64,,,,,,No
IBTROZI,TALETRECTINIB ADIPATE,Active,2033-06-03,2632,Oral,CAPSULE;ORAL,EQ 200MG BASE,2025-06-11,2,2025.0,6.0,520.36,6244.32,,,,,,No
QUVIVIQ,DARIDOREXANT HYDROCHLORIDE,Active,2033-06-12,2641,Oral,TABLET;ORAL,EQ 25MG BASE,2022-04-07,6,2022.0,4.0,565.53,6786.36,,,,,,No
ULTRAVATE,HALOBETASOL PROPIONATE,Active,2033-06-19,2648,Topical,LOTION;TOPICAL,0.05%,2015-11-06,1,2015.0,11.0,136.12,1633.44,,,,,,No
TOLSURA,ITRACONAZOLE,Active,2033-06-21,2650,Oral,CAPSULE;ORAL,65MG,2018-12-11,5,2018.0,12.0,740.09,8881.08,,,,,,No
INFUGEM,GEMCITABINE HYDROCHLORIDE,Active,2033-07-01,2660,Injectable,SOLUTION;INTRAVENOUS,EQ 1200MG BASE/120ML (EQ 10MG BASE/ML),2018-07-16,10,2018.0,7.0,1546.93,18563.16,,,,,,No
ARYMO ER,MORPHINE SULFATE,Active,2033-07-01,2660,Oral,"TABLET, EXTENDED RELEASE;ORAL",15MG,2017-01-09,6,2017.0,1.0,368.2,4418.4,,,,,,No
UKONIQ,UMBRALISIB TOSYLATE,Active,2033-07-02,2661,Oral,TABLET;ORAL,EQ 200MG BASE,2021-02-05,15,2021.0,2.0,463.24,5558.88,,,,,,No
SECUADO,ASENAPINE,Active,2033-07-25,2684,Other,SYSTEM;TRANSDERMAL,3.8MG/24HR,2019-10-11,18,2019.0,10.0,123.48,1481.76,,,,,,No
ZOHYDRO ER,HYDROCODONE BITARTRATE,Active,2033-07-25,2684,Oral,"CAPSULE, EXTENDED RELEASE;ORAL",10MG ,2013-10-25,96,2013.0,10.0,216.4,2596.8,,,,,,No
MEZOFY,ARIPIPRAZOLE,Active,2033-08-07,2697,Oral,FILM;ORAL,5MG,2025-04-15,3,2025.0,4.0,616.62,7399.44,,,,,,No
MITIGARE,COLCHICINE,Active,2033-08-22,2712,Oral,CAPSULE;ORAL,0.6MG,2014-09-26,5,2014.0,9.0,157.96,1895.52,,,,,,No
CEQUA,CYCLOSPORINE,Active,2033-08-23,2713,Eye Care,SOLUTION;OPHTHALMIC,0.09%,2018-08-14,5,2018.0,8.0,341.26,4095.12,,,,,,No
CYTALUX,PAFOLACIANINE SODIUM,Active,2033-08-26,2716,Injectable,SOLUTION;INTRAVENOUS,EQ 3.2MG BASE/1.6ML (EQ 2MG BASE/ML),2021-11-29,6,2021.0,11.0,1113.37,13360.44,,,,,,No
LUZU,LULICONAZOLE,Active,2033-09-06,2727,Topical,CREAM;TOPICAL,1%,2013-11-14,4,2013.0,11.0,204.57,2454.84,,,,,,No
DAPTOMYCIN,DAPTOMYCIN,Active,2033-09-11,2732,Injectable,POWDER;INTRAVENOUS,350MG/VIAL,2023-01-30,8,2023.0,1.0,1221.73,14660.76,,,,,,No
MIEBO,PERFLUOROHEXYLOCTANE,Active,2033-09-12,2733,Eye Care,SOLUTION/DROPS;OPHTHALMIC,1.338GM/ML,2023-05-18,6,2023.0,5.0,242.27,2907.24,,,,,,No
VUMERITY,DIROXIMEL FUMARATE,Active,2033-09-20,2741,Oral,"CAPSULE, DELAYED RELEASE;ORAL",231MG,2019-10-29,3,2019.0,10.0,603.33,7239.96,,,,,,No
SOAANZ,TORSEMIDE,Active,2033-10-06,2757,Oral,TABLET;ORAL,20MG,2021-06-14,2,2021.0,6.0,307.99,3695.88,,,,,,No
LILETTA,LEVONORGESTREL,Active,2033-10-06,2757,Other,SYSTEM;INTRAUTERINE,52MG,2015-02-26,4,2015.0,2.0,383.2,4598.4,,,,,,No
REZUROCK,BELUMOSUDIL MESYLATE,Active,2033-10-07,2758,Oral,TABLET;ORAL,EQ 200MG BASE,2021-07-16,7,2021.0,7.0,433.24,5198.88,,,,,,No
OMIDRIA,KETOROLAC TROMETHAMINE; PHENYLEPHRINE HYDROCHLORIDE,Active,2033-10-23,2774,Other,SOLUTION;IRRIGATION,EQ 0.3% BASE;EQ 1% BASE,2014-05-30,5,2014.0,5.0,431.84,5182.08,,,,,,No
AUVELITY,BUPROPION HYDROCHLORIDE; DEXTROMETHORPHAN HYDROBROMIDE,Active,2033-10-29,2780,Oral,"TABLET, EXTENDED RELEASE;ORAL",105MG;45MG,2022-08-18,130,2022.0,8.0,755.78,9069.36,,,,,,No
LODOCO,COLCHICINE,Active,2033-11-01,2783,Oral,TABLET;ORAL,0.5MG,2023-06-16,14,2023.0,6.0,612.8,7353.6,,,,,,No
SOTYKTU,DEUCRAVACITINIB,Active,2033-11-07,2789,Oral,TABLET;ORAL,6MG,2022-09-09,3,2022.0,9.0,250.46,3005.52,,,,,,No
PHENYLEPHRINE HYDROCHLORIDE,PHENYLEPHRINE HYDROCHLORIDE,Active,2033-11-14,2796,Eye Care,SOLUTION/DROPS;OPHTHALMIC,2.5%,2013-03-21,2,2013.0,3.0,112.47,1349.64,,,,,,No
FETROJA,CEFIDEROCOL SULFATE TOSYLATE,Active,2033-11-14,2796,Injectable,POWDER;INTRAVENOUS,EQ 1GM BASE/VIAL,2019-11-14,5,2019.0,11.0,1155.66,13867.92,,,,,,No
ACZONE,DAPSONE,Active,2033-11-18,2800,Topical,GEL;TOPICAL,7.5%,2016-02-24,1,2016.0,2.0,270.42,3245.04,,,,,,No
NATROBA,SPINOSAD,Active,2033-11-25,2807,Topical,SUSPENSION;TOPICAL,0.9%,2011-01-18,1,2011.0,1.0,96.46,1157.52,,,,,,No
RELYVRIO,SODIUM PHENYLBUTYRATE; TAURURSODIOL,Active,2033-12-24,2836,Oral,FOR SUSPENSION;ORAL,3GM/PACKET; 1GM/PACKET,2022-09-29,5,2022.0,9.0,447.46,5369.52,,,,,,No
ZEGALOGUE (AUTOINJECTOR),DASIGLUCAGON HYDROCHLORIDE,Active,2034-01-06,2849,Injectable,SOLUTION;SUBCUTANEOUS,EQ 0.6MG BASE/0.6ML (EQ 0.6MG BASE/0.6ML),2021-03-22,2,2021.0,3.0,1992.11,23905.32,,,,,,No
ZEGALOGUE,DASIGLUCAGON HYDROCHLORIDE,Active,2034-01-06,2849,Injectable,SOLUTION;SUBCUTANEOUS,EQ 0.6MG BASE/0.6ML (EQ 0.6MG BASE/0.6ML),2021-03-22,2,2021.0,3.0,1335.61,16027.32,,,,,,No
LOREEV XR,LORAZEPAM,Active,2034-01-08,2851,Oral,"CAPSULE, EXTENDED RELEASE;ORAL",1MG,2021-08-27,4,2021.0,8.0,639.64,7675.68,,,,,,No
RYZUMVI,PHENTOLAMINE MESYLATE,Active,2034-01-31,2874,Eye Care,SOLUTION;OPHTHALMIC,EQ 0.75% BASE,2023-09-25,9,2023.0,9.0,142.64,1711.68,,,,,,No
VOGELXO,TESTOSTERONE,Active,2034-02-11,2885,Other,"GEL, METERED;TRANSDERMAL",12.5MG/1.25GM ACTUATION,2014-06-04,6,2014.0,6.0,137.57,1650.84,,,,,,No
TALICIA,AMOXICILLIN; OMEPRAZOLE MAGNESIUM; RIFABUTIN,Active,2034-02-12,2886,Oral,"CAPSULE, DELAYED RELEASE;ORAL",250MG;EQ 10MG BASE;12.5MG,2019-11-01,7,2019.0,11.0,609.73,7316.76,,,,,,No
FULVESTRANT,FULVESTRANT,Active,2034-02-14,2888,Other,SOLUTION;INTRAMUSCULAR,250MG/5ML (50MG/ML),2019-05-20,3,2019.0,5.0,347.75,4173.0,,,,,,No
CIBINQO,ABROCITINIB,Active,2034-02-19,2893,Oral,TABLET;ORAL,50MG,2022-01-14,9,2022.0,1.0,581.88,6982.56,,,,,,No
SUNLENCA,LENACAPAVIR SODIUM,Active,2034-02-28,2902,Injectable,SOLUTION;SUBCUTANEOUS,EQ 463.5MG BASE/1.5ML (EQ 309MG BASE/ML),2022-12-22,10,2022.0,12.0,1587.07,19044.84,,,,,,No
YEZTUGO,LENACAPAVIR SODIUM,Active,2034-02-28,2902,Injectable,SOLUTION;SUBCUTANEOUS,EQ 463.5MG BASE/1.5ML (EQ 309MG BASE/ML),2025-06-18,7,2025.0,6.0,1116.01,13392.12,,,,,,No
MORPHINE SULFATE,MORPHINE SULFATE,Active,2034-03-12,2914,Injectable,"SOLUTION;INTRAMUSCULAR, INTRAVENOUS",2MG/ML (2MG/ML),2013-10-30,20,2013.0,10.0,2547.76,30573.12,,,,,,No
SOOLANTRA,IVERMECTIN,Active,2034-03-13,2915,Topical,CREAM;TOPICAL,1%,2014-12-19,5,2014.0,12.0,335.81,4029.72,,,,,,No
ZYNRELEF KIT,BUPIVACAINE; MELOXICAM,Active,2034-03-13,2915,Other,"SOLUTION, EXTENDED RELEASE;PERIARTICULAR",60MG/2.3ML (29.25MG/ML);1.8MG/2.3ML (0.88MG/ML),2021-05-12,64,2021.0,5.0,447.35,5368.2,,,,,,No
TONMYA,CYCLOBENZAPRINE HYDROCHLORIDE,Active,2034-03-14,2916,Oral,TABLET;SUBLINGUAL,2.8MG,2025-08-15,4,2025.0,8.0,290.5,3486.0,,,,,,No
ROMVIMZA,VIMSELTINIB,Active,2034-03-14,2916,Oral,CAPSULE;ORAL,14MG,2025-02-14,18,2025.0,2.0,513.16,6157.92,,,,,,No
SPRITAM,LEVETIRACETAM,Active,2034-03-14,2916,Oral,"TABLET, FOR SUSPENSION;ORAL",1GM,2015-07-31,20,2015.0,7.0,352.68,4232.16,,,,,,No
NATESTO,TESTOSTERONE,Active,2034-03-17,2919,Other,"GEL, METERED;NASAL",5.5MG/0.122GM ACTUATION,2014-05-28,3,2014.0,5.0,145.79,1749.48,,,,,,No
YONSA,ABIRATERONE ACETATE,Active,2034-03-17,2919,Oral,TABLET;ORAL,125MG,2018-05-22,2,2018.0,5.0,742.12,8905.44,,,,,,No
VIZZ,ACECLIDINE HYDROCHLORIDE,Active,2034-03-24,2926,Eye Care,SOLUTION/DROPS;OPHTHALMIC,EQ 1.44% BASE,2025-07-31,5,2025.0,7.0,154.73,1856.76,,,,,,No
SOTYLIZE,SOTALOL HYDROCHLORIDE,Active,2034-04-01,2934,Oral,SOLUTION;ORAL,5MG/ML (5MG/ML),2014-10-22,8,2014.0,10.0,765.17,9182.04,,,,,,No
FUROSCIX,FUROSEMIDE,Active,2034-04-03,2936,Injectable,SOLUTION;SUBCUTANEOUS,80MG/10ML (8MG/ML),2022-10-07,4,2022.0,10.0,1615.01,19380.12,,,,,,No
PEMAZYRE,PEMIGATINIB,Active,2034-04-17,2950,Oral,TABLET;ORAL,4.5MG,2020-04-17,27,2020.0,4.0,229.59,2755.08,,,,,,No
ZURZUVAE,ZURANOLONE,Active,2034-04-17,2950,Oral,CAPSULE;ORAL,20MG,2023-10-31,15,2023.0,10.0,479.33,5751.96,,,,,,No
BRUKINSA,ZANUBRUTINIB,Active,2034-04-22,2955,Oral,CAPSULE;ORAL,80MG,2019-11-14,137,2019.0,11.0,711.06,8532.72,,,,,,No
RAPIBLYK,LANDIOLOL HYDROCHLORIDE,Active,2034-04-25,2958,Injectable,POWDER;INTRAVENOUS,EQ 280MG BASE/VIAL,2024-11-22,1,2024.0,11.0,2330.56,27966.72,,,,,,No
CAMZYOS,MAVACAMTEN,Active,2034-06-19,3013,Oral,CAPSULE;ORAL,2.5MG,2022-04-28,8,2022.0,4.0,664.59,7975.08,,,,,,No
CLENPIQ,CITRIC ACID; MAGNESIUM OXIDE; SODIUM PICOSULFATE,Active,2034-06-23,3017,Oral,SOLUTION;ORAL,12GM/BOT;3.5GM/BOT;10MG/BOT,2017-11-28,4,2017.0,11.0,561.15,6733.8,,,,,,No
VORANIGO,VORASIDENIB,Active,2034-07-11,3035,Oral,TABLET;ORAL,10MG,2024-08-06,10,2024.0,8.0,584.59,7015.08,,,,,,No
FABHALTA,IPTACOPAN HYDROCHLORIDE,Active,2034-07-14,3038,Oral,CAPSULE;ORAL,EQ 200MG BASE,2023-12-05,10,2023.0,12.0,694.44,8333.28,,,,,,No
RIZAFILM,RIZATRIPTAN BENZOATE,Active,2034-07-30,3054,Oral,FILM;ORAL,EQ 10MG BASE,2023-04-14,1,2023.0,4.0,274.77,3297.24,,,,,,No
KLOXXADO,NALOXONE HYDROCHLORIDE,Active,2034-08-26,3081,Other,SPRAY;NASAL,8MG/SPRAY,2021-04-29,7,2021.0,4.0,344.71,4136.52,,,,,,No
GANZYK-RTU,GANCICLOVIR,Active,2034-09-02,3088,Injectable,SOLUTION;INTRAVENOUS,500MG/250ML (2MG/ML),2017-02-17,1,2017.0,2.0,1053.02,12636.24,,,,,,No
RYALTRIS,MOMETASONE FUROATE; OLOPATADINE HYDROCHLORIDE,Active,2034-09-04,3090,Other,"SPRAY, METERED;NASAL",0.025MG/SPRAY;0.665MG/SPRAY,2022-01-13,16,2022.0,1.0,593.83,7125.96,,,,,,No
WELIREG,BELZUTIFAN,Active,2034-09-05,3091,Oral,TABLET;ORAL,40MG,2021-08-13,7,2021.0,8.0,760.84,9130.08,,,,,,No
CREXONT,CARBIDOPA; LEVODOPA,Active,2034-10-07,3123,Oral,"CAPSULE, EXTENDED RELEASE;ORAL",35MG;140MG,2024-08-07,244,2024.0,8.0,127.6,1531.2,,,,,,No
CONTEPO,FOSFOMYCIN DISODIUM,Active,2034-10-12,3128,Injectable,POWDER;INTRAVENOUS,EQ 6GM BASE/VIAL,2025-10-22,3,2025.0,10.0,2263.94,27167.28,,,,,,No
AYVAKIT,AVAPRITINIB,Active,2034-10-15,3131,Oral,TABLET;ORAL,25MG,2021-06-16,39,2021.0,6.0,747.67,8972.04,,,,,,No
JYLAMVO,METHOTREXATE,Active,2034-10-29,3145,Oral,SOLUTION;ORAL,2MG/ML,2022-11-29,6,2022.0,11.0,226.4,2716.8,,,,,,No
RHAPSIDO,REMIBRUTINIB,Active,2034-11-13,3160,Oral,TABLET;ORAL,25MG,2025-09-30,3,2025.0,9.0,497.56,5970.72,,,,,,No
JADENU,DEFERASIROX,Active,2034-11-21,3168,Oral,TABLET;ORAL,90MG,2015-03-30,3,2015.0,3.0,740.84,8890.08,,,,,,No
LITFULO,RITLECITINIB TOSYLATE,Active,2034-12-03,3180,Oral,CAPSULE;ORAL,EQ 50MG BASE,2023-06-23,3,2023.0,6.0,123.76,1485.12,,,,,,No
NITYR,NITISINONE,Active,2035-01-05,3213,Oral,TABLET;ORAL,2MG,2017-07-26,3,2017.0,7.0,588.19,7058.28,,,,,,No
CRENESSITY,CRINECERFONT,Active,2035-01-21,3229,Oral,CAPSULE;ORAL,25MG,2024-12-13,16,2024.0,12.0,308.14,3697.68,,,,,,No
BRINSUPRI,BRENSOCATIB,Active,2035-01-21,3229,Oral,TABLET;ORAL,10MG,2025-08-12,28,2025.0,8.0,747.08,8964.96,,,,,,No
AUGTYRO,REPOTRECTINIB,Active,2035-01-23,3231,Oral,CAPSULE;ORAL,40MG,2023-11-15,12,2023.0,11.0,779.74,9356.88,,,,,,No
VASOSTRICT,VASOPRESSIN,Active,2035-01-30,3238,Injectable,SOLUTION;INTRAVENOUS,20UNITS/ML (20UNITS/ML),2014-04-17,47,2014.0,4.0,2860.67,34328.04,,,,,,No
LICART,DICLOFENAC EPOLAMINE,Active,2035-02-20,3259,Topical,SYSTEM;TOPICAL,1.3%,2018-12-19,2,2018.0,12.0,231.75,2781.0,,,,,,No
XENOVIEW,XENON XE-129 HYPERPOLARIZED,Active,2035-02-20,3259,Respiratory,GAS;INHALATION,,2022-12-23,2,2022.0,12.0,537.92,6455.04,,,,,,No
ZITUVIO,SITAGLIPTIN,Active,2035-02-25,3264,Oral,TABLET;ORAL,25MG,2023-10-18,3,2023.0,10.0,691.18,8294.16,,,,,,No
VOYDEYA,DANICOPAN,Active,2035-02-25,3264,Oral,TABLET;ORAL,50MG,2024-03-29,4,2024.0,3.0,323.37,3880.44,,,,,,No
NOREPINEPHRINE BITARTRATE IN 0.9% SODIUM CHLORIDE,NOREPINEPHRINE BITARTRATE,Active,2035-02-26,3265,Injectable,SOLUTION;INTRAVENOUS,EQ 4MG BASE/250ML (EQ 16MCG BASE/ML),2022-09-15,29,2022.0,9.0,2572.29,30867.48,,,,,,No
BAFIERTAM,MONOMETHYL FUMARATE,Active,2035-02-27,3266,Oral,"CAPSULE, DELAYED RELEASE;ORAL",95MG,2020-04-28,21,2020.0,4.0,125.91,1510.92,,,,,,No
ERMEZA,LEVOTHYROXINE SODIUM,Active,2035-02-27,3266,Oral,SOLUTION;ORAL,150MCG/5ML,2022-04-29,1,2022.0,4.0,517.39,6208.68,,,,,,No
ORLADEYO,BEROTRALSTAT DIHYDROCHLORIDE,Active,2035-03-09,3276,Oral,CAPSULE;ORAL,EQ 110MG BASE,2020-12-03,40,2020.0,12.0,261.01,3132.12,,,,,,No
ADRENALIN,EPINEPHRINE,Active,2035-03-13,3280,Injectable,"SOLUTION;INTRAMUSCULAR, INTRAVENOUS, SUBCUTANEOUS",EQ 1MG BASE/ML (EQ 1MG BASE/ML),2012-12-07,27,2012.0,12.0,801.42,9617.04,,,,,,No
FIRVANQ KIT,VANCOMYCIN HYDROCHLORIDE,Active,2035-03-13,3280,Oral,FOR SOLUTION;ORAL,EQ 25MG BASE/ML,2018-01-26,20,2018.0,1.0,153.87,1846.44,,,,,,No
PEMETREXED,PEMETREXED DISODIUM,Active,2035-03-26,3293,Injectable,SOLUTION;INTRAVENOUS,EQ 1GM/100ML BASE (10MG/ML),2023-05-22,3,2023.0,5.0,2240.72,26888.64,,,,,,No
QALSODY,TOFERSEN,Active,2035-04-01,3299,Other,SOLUTION;INTRATHECAL,100MG/15ML (6.7MG/ML),2023-04-25,3,2023.0,4.0,269.94,3239.28,,,,,,No
ESKATA,HYDROGEN PEROXIDE,Active,2035-04-21,3319,Topical,SOLUTION;TOPICAL,40%,2017-12-14,5,2017.0,12.0,311.93,3743.16,,,,,,No
RIOMET ER,METFORMIN HYDROCHLORIDE,Active,2035-05-01,3329,Oral,"FOR SUSPENSION, EXTENDED RELEASE;ORAL",500MG/5ML,2019-08-29,1,2019.0,8.0,145.75,1749.0,,,,,,No
EXKIVITY,MOBOCERTINIB SUCCINATE,Active,2035-05-13,3341,Oral,CAPSULE;ORAL,EQ 40MG BASE,2021-09-15,2,2021.0,9.0,320.7,3848.4,,,,,,No
YCANTH,CANTHARIDIN,Active,2035-05-28,3356,Topical,SOLUTION;TOPICAL,0.7%,2023-07-21,6,2023.0,7.0,252.64,3031.68,,,,,,No
ABSORICA LD,ISOTRETINOIN,Active,2035-05-29,3357,Oral,CAPSULE;ORAL,8MG,2019-11-05,12,2019.0,11.0,653.51,7842.12,,,,,,No
ZILBRYSQ,ZILUCOPLAN SODIUM,Active,2035-06-12,3371,Injectable,SOLUTION;SUBCUTANEOUS,EQ 16.6MG BASE/0.416ML (EQ 16.6MG BASE/0.416ML),2023-10-17,27,2023.0,10.0,1296.88,15562.56,,,,,,No
EPIDIOLEX,CANNABIDIOL,Active,2035-06-17,3376,Oral,SOLUTION;ORAL,100MG/ML,2018-09-28,57,2018.0,9.0,538.12,6457.44,,,,,,No
CYCLOPHOSPHAMIDE,CYCLOPHOSPHAMIDE,Active,2035-06-26,3385,Injectable,SOLUTION;INTRAVENOUS,1GM/5ML (200MG/ML),2020-07-30,9,2020.0,7.0,2714.94,32579.28,,,,,,No
KAPSPARGO SPRINKLE,METOPROLOL SUCCINATE,Active,2035-07-09,3398,Oral,"CAPSULE, EXTENDED RELEASE;ORAL",EQ 25MG TARTRATE,2018-01-26,8,2018.0,1.0,531.1,6373.2,,,,,,No
FRINDOVYX,CYCLOPHOSPHAMIDE,Active,2035-07-13,3402,Injectable,SOLUTION;INTRAVENOUS,1GM/2ML (500MG/ML),2023-06-07,6,2023.0,6.0,1082.4,12988.8,,,,,,No
ILLUCCIX,GALLIUM GA-68 GOZETOTIDE,Active,2035-07-28,3417,Injectable,POWDER;INTRAVENOUS,,2021-12-17,1,2021.0,12.0,561.0,6732.0,,,,,,No
GOZELLIX,GALLIUM GA-68 GOZETOTIDE,Active,2035-07-28,3417,Injectable,POWDER;INTRAVENOUS,,2025-03-20,1,2025.0,3.0,2675.25,32103.0,,,,,,No
SOLOSEC,SECNIDAZOLE,Active,2035-09-04,3455,Oral,GRANULE;ORAL,2GM/PACKET,2017-09-15,33,2017.0,9.0,114.89,1378.68,,,,,,No
APONVIE,APREPITANT,Active,2035-09-18,3469,Injectable,EMULSION;INTRAVENOUS,32MG/4.4ML (7.2MG/ML),2022-09-16,14,2022.0,9.0,2686.75,32241.0,,,,,,No
REZLIDHIA,OLUTASIDENIB,Active,2035-09-18,3469,Oral,CAPSULE;ORAL,150MG,2022-12-01,14,2022.0,12.0,470.26,5643.12,,,,,,No
CINVANTI,APREPITANT,Active,2035-09-18,3469,Injectable,EMULSION;INTRAVENOUS,130MG/18ML (7.2MG/ML),2017-11-09,13,2017.0,11.0,2847.67,34172.04,,,,,,No
RIVFLOZA,NEDOSIRAN SODIUM,Active,2035-10-09,3490,Injectable,SOLUTION;INJECTION,EQ 80MG BASE/0.5ML (EQ 160MG BASE/ML),2023-09-29,18,2023.0,9.0,2496.96,29963.52,,,,,,No
LAZCLUZE,LAZERTINIB MESYLATE,Active,2035-10-13,3494,Oral,TABLET;ORAL,EQ 80MG BASE,2024-08-19,14,2024.0,8.0,798.55,9582.6,,,,,,No
TYRVAYA,VARENICLINE TARTRATE,Active,2035-10-19,3500,Other,SPRAY;NASAL,EQ 0.03MG BASE/SPRAY,2021-10-15,10,2021.0,10.0,275.36,3304.32,,,,,,No
VYALEV,FOSCARBIDOPA; FOSLEVODOPA,Active,2035-10-21,3502,Injectable,SOLUTION;SUBCUTANEOUS,120MG/10ML;2400MG/10ML (12MG/ML;240MG/ML),2024-10-16,4,2024.0,10.0,2417.97,29015.64,,,,,,No
PEMFEXY,PEMETREXED,Active,2035-10-28,3509,Injectable,SOLUTION;INTRAVENOUS,500MG/20ML (25MG/ML),2020-02-08,5,2020.0,2.0,1504.83,18057.96,,,,,,No
SCEMBLIX,ASCIMINIB HYDROCHLORIDE,Active,2035-10-29,3510,Oral,TABLET;ORAL,EQ 20MG BASE,2021-10-29,12,2021.0,10.0,435.91,5230.92,,,,,,No
ADHANSIA XR,METHYLPHENIDATE HYDROCHLORIDE,Active,2035-10-30,3511,Oral,"CAPSULE, EXTENDED RELEASE;ORAL",25MG,2019-02-27,72,2019.0,2.0,539.25,6471.0,,,,,,No
VANCOMYCIN,VANCOMYCIN,Active,2035-11-06,3518,Oral,"SOLUTION;INTRAVENOUS, ORAL",5GM/100ML (50MG/ML),2021-08-26,5,2021.0,8.0,711.57,8538.84,,,,,,No
TYZAVAN,VANCOMYCIN HYDROCHLORIDE,Active,2035-11-06,3518,Injectable,SOLUTION;INTRAVENOUS,EQ 1GM BASE/200ML (EQ 5MG BASE/ML),2019-02-15,42,2019.0,2.0,2960.21,35522.52,,,,,,No
QBRELIS,LISINOPRIL,Active,2035-11-06,3518,Oral,SOLUTION;ORAL,1MG/ML,2016-07-29,32,2016.0,7.0,637.79,7653.48,,,,,,No
OBREDON,GUAIFENESIN; HYDROCODONE BITARTRATE,Active,2035-11-13,3525,Oral,SOLUTION;ORAL,200MG/5ML;2.5MG/5ML,2014-11-14,3,2014.0,11.0,392.44,4709.28,,,,,,No
EKTERLY,SEBETRALSTAT,Active,2035-11-26,3538,Oral,TABLET;ORAL,300MG,2025-07-03,8,2025.0,7.0,394.95,4739.4,,,,,,No
ARAKODA,TAFENOQUINE SUCCINATE,Active,2035-12-02,3544,Oral,TABLET;ORAL,EQ 100MG BASE,2018-08-08,3,2018.0,8.0,616.31,7395.72,,,,,,No
DEFINITY,PERFLUTREN,Active,2035-12-28,3570,Injectable,INJECTABLE;INTRAVENOUS,13.04MG/2ML (6.52MG/ML),2001-07-31,9,2001.0,7.0,1096.94,13163.28,,,,,,No
DEFINITY RT,PERFLUTREN,Active,2035-12-28,3570,Injectable,INJECTABLE;INTRAVENOUS,13.04MG/2ML (6.52MG/ML),2020-11-17,11,2020.0,11.0,776.19,9314.28,,,,,,No
MOUNJARO (AUTOINJECTOR),TIRZEPATIDE,Active,2036-01-05,3578,Injectable,SOLUTION;SUBCUTANEOUS,2.5MG/0.5ML (2.5MG/0.5ML),2022-05-13,126,2022.0,5.0,1386.56,16638.72,,,,,,No
ZEPBOUND (AUTOINJECTOR),TIRZEPATIDE,Active,2036-01-05,3578,Injectable,SOLUTION;SUBCUTANEOUS,2.5MG/0.5ML (2.5MG/0.5ML),2023-11-08,60,2023.0,11.0,1218.1,14617.2,,,,,,No
ZEPBOUND,TIRZEPATIDE,Active,2036-01-05,3578,Injectable,SOLUTION;SUBCUTANEOUS,2.5MG/0.5ML (2.5MG/0.5ML),2024-03-28,60,2024.0,3.0,1240.77,14889.24,,,,,,No
MOUNJARO,TIRZEPATIDE,Active,2036-01-05,3578,Injectable,SOLUTION;SUBCUTANEOUS,2.5MG/0.5ML (2.5MG/0.5ML),2023-07-28,126,2023.0,7.0,1084.02,13008.24,,,,,,No
TASCENSO ODT,FINGOLIMOD LAURYL SULFATE,Active,2036-01-19,3592,Oral,"TABLET, ORALLY DISINTEGRATING;ORAL",EQ 0.25MG BASE,2021-12-23,6,2021.0,12.0,129.47,1553.64,,,,,,No
HYRNUO,SEVABERTINIB,Active,2036-01-25,3598,Oral,TABLET;ORAL,10MG,2025-11-19,1,2025.0,11.0,112.51,1350.12,,,,,,No
LOTEMAX SM,LOTEPREDNOL ETABONATE,Active,2036-01-26,3599,Eye Care,GEL;OPHTHALMIC,0.38%,2019-02-22,2,2019.0,2.0,495.09,5941.08,,,,,,No
ZEMBRACE SYMTOUCH,SUMATRIPTAN SUCCINATE,Active,2036-01-29,3602,Injectable,SOLUTION;SUBCUTANEOUS,EQ 3MG BASE/0.5ML (EQ 3MG BASE/0.5ML),2016-01-28,3,2016.0,1.0,1569.43,18833.16,,,,,,No
EZALLOR SPRINKLE,ROSUVASTATIN CALCIUM,Active,2036-02-12,3616,Oral,CAPSULE;ORAL,EQ 5MG BASE,2018-12-18,4,2018.0,12.0,369.03,4428.36,,,,,,No
BAQSIMI,GLUCAGON,Active,2036-02-16,3620,Other,POWDER;NASAL,3MG,2019-07-24,3,2019.0,7.0,439.82,5277.84,,,,,,No
DOCIVYX,DOCETAXEL,Active,2036-03-14,3647,Injectable,SOLUTION;INTRAVENOUS,20MG/2ML (10MG/ML),2022-11-22,3,2022.0,11.0,1045.63,12547.56,,,,,,No
KOMZIFTI,ZIFTOMENIB,Active,2036-03-16,3649,Oral,CAPSULE;ORAL,200MG,2025-11-13,12,2025.0,11.0,764.97,9179.64,,,,,,No
EPANED,ENALAPRIL MALEATE,Active,2036-03-25,3658,Oral,SOLUTION;ORAL,1MG/ML,2016-09-20,17,2016.0,9.0,650.44,7805.28,,,,,,No
MYRBETRIQ GRANULES,MIRABEGRON,Active,2036-03-31,3664,Oral,"FOR SUSPENSION, EXTENDED RELEASE;ORAL",8MG/ML,2021-03-25,2,2021.0,3.0,162.59,1951.08,,,,,,No
INVEGA TRINZA,PALIPERIDONE PALMITATE,Active,2036-04-05,3669,Other,"SUSPENSION, EXTENDED RELEASE;INTRAMUSCULAR",273MG/0.875ML (273MG/0.875ML),2015-05-18,8,2015.0,5.0,308.79,3705.48,,,,,,No
MINOLIRA,MINOCYCLINE HYDROCHLORIDE,Active,2036-04-07,3671,Oral,"TABLET, EXTENDED RELEASE;ORAL",EQ 105MG BASE,2017-05-08,2,2017.0,5.0,715.38,8584.56,,,,,,No
SYMBRAVO,MELOXICAM; RIZATRIPTAN BENZOATE,Active,2036-04-11,3675,Oral,TABLET;ORAL,20MG;EQ 10MG BASE,2025-01-30,79,2025.0,1.0,761.31,9135.72,,,,,,No
DEXMEDETOMIDINE HYDROCHLORIDE,DEXMEDETOMIDINE HYDROCHLORIDE,Active,2036-04-20,3684,Injectable,SOLUTION;INTRAVENOUS,EQ 200MCG BASE/50ML (EQ 4MCG BASE/ML),2018-06-22,4,2018.0,6.0,1668.5,20022.0,,,,,,No
LANSOPRAZOLE,LANSOPRAZOLE,Active,2036-04-21,3685,Oral,"TABLET, ORALLY DISINTEGRATING, DELAYED RELEASE;ORAL",15MG,2016-06-07,2,2016.0,6.0,529.39,6352.68,,,,,,No
GVOKE KIT,GLUCAGON,Active,2036-04-22,3686,Injectable,SOLUTION;SUBCUTANEOUS,1MG/0.2ML (1MG/0.2ML),2021-08-20,1,2021.0,8.0,917.58,11010.96,,,,,,No
GVOKE PFS,GLUCAGON,Active,2036-04-22,3686,Injectable,SOLUTION;SUBCUTANEOUS,0.5MG/0.1ML (0.5MG/0.1ML),2019-09-10,4,2019.0,9.0,2977.92,35735.04,,,,,,No
GVOKE HYPOPEN,GLUCAGON,Active,2036-04-22,3686,Injectable,SOLUTION;SUBCUTANEOUS,0.5MG/0.1ML (0.5MG/0.1ML),2019-09-10,4,2019.0,9.0,1079.18,12950.16,,,,,,No
PERIKABIVEN IN PLASTIC CONTAINER,AMINO ACIDS; CALCIUM CHLORIDE; DEXTROSE; MAGNESIUM SULFATE; POTASSIUM CHLORIDE; SODIUM ACETATE; SODIUM GLYCEROPHOSPHATE; SOYBEAN OIL,Active,2036-05-03,3697,Injectable,EMULSION;INTRAVENOUS,2.4%;20MG/100ML;6.8GM/100ML;68MG/100ML;124MG/100ML;170MG/100ML;105MG/100ML;3.5GM/100ML (1440ML),2014-08-25,3,2014.0,8.0,2856.83,34281.96,,,,,,No
KABIVEN IN PLASTIC CONTAINER,AMINO ACIDS; CALCIUM CHLORIDE; DEXTROSE; MAGNESIUM SULFATE; POTASSIUM CHLORIDE; SODIUM ACETATE; SODIUM GLYCEROPHOSPHATE; SOYBEAN OIL,Active,2036-05-03,3697,Injectable,EMULSION;INTRAVENOUS,3.3%;29MG/100ML;9.8GM/100ML;96MG/100ML;174MG/100ML;239MG/100ML ;147MG/100ML;3.9GM/100ML (1026ML),2014-08-25,4,2014.0,8.0,2124.12,25489.44,,,,,,No
BYQLOVI,CLOBETASOL PROPIONATE,Active,2036-05-09,3703,Eye Care,SUSPENSION/DROPS;OPHTHALMIC,0.05%,2024-03-04,2,2024.0,3.0,343.09,4117.08,,,,,,No
BEIZRAY,DOCETAXEL,Active,2036-05-16,3710,Injectable,SOLUTION;INTRAVENOUS,80MG/4ML (20MG/ML),2024-10-23,11,2024.0,10.0,1781.72,21380.64,,,,,,No
VTAMA,TAPINAROF,Active,2036-05-19,3713,Topical,CREAM;TOPICAL,1%,2022-05-23,13,2022.0,5.0,153.81,1845.72,,,,,,No
ELYXYB,CELECOXIB,Active,2036-05-27,3721,Oral,SOLUTION;ORAL,25MG/ML,2020-05-05,6,2020.0,5.0,223.57,2682.84,,,,,,No
ARAZLO,TAZAROTENE,Active,2036-06-06,3731,Topical,LOTION;TOPICAL,0.045%,2019-12-18,3,2019.0,12.0,150.56,1806.72,,,,,,No
ZOLYMBUS,BIMATOPROST,Active,2036-06-08,3733,Eye Care,GEL;OPHTHALMIC,0.01%,2025-09-09,1,2025.0,9.0,174.58,2094.96,,,,,,No
IVRA,MELPHALAN HYDROCHLORIDE,Active,2036-06-29,3754,Injectable,SOLUTION;INTRAVENOUS,EQ 90MG BASE/ML (EQ 90MG BASE/ML),2023-08-18,1,2023.0,8.0,2448.96,29387.52,,,,,,No
IMMPHENTIV,PHENYLEPHRINE HYDROCHLORIDE,Active,2036-08-05,3791,Injectable,SOLUTION;INTRAVENOUS,0.5MG/5ML (0.1MG/ML),2023-03-09,6,2023.0,3.0,1375.31,16503.72,,,,,,No
KYGEVVI,DOXECITINE; DOXRIBTIMINE,Active,2036-08-07,3793,Oral,FOR SOLUTION;ORAL,2GM/PACKET;2GM/PACKET,2025-11-03,2,2025.0,11.0,140.49,1685.88,,,,,,No
ORTIKOS,BUDESONIDE,Active,2036-09-09,3826,Oral,"CAPSULE, DELAYED RELEASE;ORAL",6MG,2019-06-13,4,2019.0,6.0,778.37,9340.44,,,,,,No
XACIATO,CLINDAMYCIN PHOSPHATE,Active,2036-09-22,3839,Other,GEL;VAGINAL,EQ 2% BASE,2021-12-07,2,2021.0,12.0,541.89,6502.68,,,,,,No
LEVULAN,AMINOLEVULINIC ACID HYDROCHLORIDE,Active,2036-10-13,3860,Topical,SOLUTION;TOPICAL,20%,1999-12-03,10,1999.0,12.0,376.88,4522.56,,,,,,No
OLPRUVA,SODIUM PHENYLBUTYRATE,Active,2036-10-17,3864,Oral,FOR SUSPENSION;ORAL,0.5GM/PACKET,2025-10-10,24,2025.0,10.0,796.44,9557.28,,,,,,No
SYMJEPI,EPINEPHRINE,Active,2036-10-20,3867,Injectable,"SOLUTION;INTRAMUSCULAR, SUBCUTANEOUS",0.15MG/0.3ML (0.15MG/0.3ML),2018-09-27,2,2018.0,9.0,934.74,11216.88,,,,,,No
CAROSPIR,SPIRONOLACTONE,Active,2036-10-28,3875,Oral,SUSPENSION;ORAL,25MG/5ML,2017-08-04,10,2017.0,8.0,377.37,4528.44,,,,,,No
GAVRETO,PRALSETINIB,Active,2036-11-01,3879,Oral,CAPSULE;ORAL,100MG,2020-09-04,5,2020.0,9.0,630.77,7569.24,,,,,,No
GLOPERBA,COLCHICINE,Active,2036-11-22,3900,Oral,SOLUTION;ORAL,0.6MG/5ML,2019-01-30,5,2019.0,1.0,587.21,7046.52,,,,,,No
BLUDIGO,INDIGOTINDISULFONATE SODIUM,Active,2036-11-25,3903,Injectable,SOLUTION;INTRAVENOUS,40MG/5ML (8MG/ML),2022-07-08,3,2022.0,7.0,884.74,10616.88,,,,,,No
LEXETTE,HALOBETASOL PROPIONATE,Active,2036-11-30,3908,Respiratory,"AEROSOL, FOAM;TOPICAL",0.05%,2018-05-24,3,2018.0,5.0,517.12,6205.44,,,,,,No
ESOMEPRAZOLE MAGNESIUM,ESOMEPRAZOLE MAGNESIUM,Active,2036-12-08,3916,Oral,"TABLET, ORALLY DISINTEGRATING, DELAYED RELEASE;ORAL",EQ 20MG BASE,2020-10-20,2,2020.0,10.0,257.11,3085.32,,,,,,No
XOLREMDI,MAVORIXAFOR,Active,2036-12-14,3922,Oral,CAPSULE;ORAL,100MG,2024-04-26,6,2024.0,4.0,256.67,3080.04,,,,,,No
JAYPIRCA,PIRTOBRUTINIB,Active,2036-12-16,3924,Oral,TABLET;ORAL,50MG,2023-01-27,22,2023.0,1.0,475.88,5710.56,,,,,,No
CYSVIEW KIT,HEXAMINOLEVULINATE HYDROCHLORIDE,Active,2036-12-19,3927,Other,FOR SOLUTION;INTRAVESICAL,100MG/VIAL,2010-05-28,3,2010.0,5.0,396.47,4757.64,,,,,,No
ADLARITY,DONEPEZIL HYDROCHLORIDE,Active,2036-12-30,3938,Other,SYSTEM;TRANSDERMAL,5MG/DAY,2022-03-11,22,2022.0,3.0,390.04,4680.48,,,,,,No
RELEXXII,METHYLPHENIDATE HYDROCHLORIDE,Active,2037-02-03,3973,Oral,"TABLET, EXTENDED RELEASE;ORAL",18MG,2022-06-23,35,2022.0,6.0,164.04,1968.48,,,,,,No
GOPRELTO,COCAINE HYDROCHLORIDE,Active,2037-02-07,3977,Other,SOLUTION;NASAL,4%,2017-12-14,15,2017.0,12.0,538.73,6464.76,,,,,,No
NUMBRINO,COCAINE HYDROCHLORIDE,Active,2037-02-07,3977,Other,SOLUTION;NASAL,4%,2020-01-10,18,2020.0,1.0,232.8,2793.6,,,,,,No
TIROSINT-SOL,LEVOTHYROXINE SODIUM,Active,2037-02-28,3998,Oral,SOLUTION;ORAL,13MCG/ML,2016-12-15,60,2016.0,12.0,190.66,2287.92,,,,,,No
REDEMPLO,PLOZASIRAN SODIUM,Active,2037-03-07,4005,Injectable,SOLUTION;SUBCUTANEOUS,EQ 25MG BASE/0.5ML (EQ 25MG BASE/0.5ML),2025-11-18,5,2025.0,11.0,2721.87,32662.44,,,,,,No
EVEKEO ODT,AMPHETAMINE SULFATE,Active,2037-03-10,4008,Oral,"TABLET, ORALLY DISINTEGRATING;ORAL",2.5MG **Federal Register determination that product was not discontinued or withdrawn for safety or effectiveness reasons**,2021-04-16,14,2021.0,4.0,768.96,9227.52,,,,,,No
IQIRVO,ELAFIBRANOR,Active,2037-03-30,4028,Oral,TABLET;ORAL,80MG,2024-06-10,8,2024.0,6.0,703.49,8441.88,,,,,,No
TERLIVAZ,TERLIPRESSIN ACETATE,Active,2037-04-05,4034,Injectable,POWDER;INTRAVENOUS,EQ 0.85MG BASE/VIAL,2022-09-14,1,2022.0,9.0,2523.79,30285.48,,,,,,No
DRIZALMA SPRINKLE,DULOXETINE HYDROCHLORIDE,Active,2037-04-13,4042,Oral,"CAPSULE, DELAYED REL PELLETS;ORAL",EQ 20MG BASE,2019-07-19,20,2019.0,7.0,558.67,6704.04,,,,,,No
AQNEURSA,LEVACETYLLEUCINE,Active,2037-04-19,4048,Oral,FOR SUSPENSION;ORAL,1GM/PACKET,2024-09-24,3,2024.0,9.0,485.6,5827.2,,,,,,No
LEQSELVI,DEURUXOLITINIB PHOSPHATE,Active,2037-05-04,4063,Oral,TABLET;ORAL,EQ 8MG BASE,2024-07-25,6,2024.0,7.0,160.89,1930.68,,,,,,No
YUTREPIA,TREPROSTINIL SODIUM,Active,2037-05-05,4064,Respiratory,POWDER;INHALATION,EQ 0.0265MG BASE/INH,2025-05-23,24,2025.0,5.0,333.8,4005.6,,,,,,No
PIZENSY,LACTITOL,Active,2037-05-12,4071,Oral,FOR SOLUTION;ORAL,10GM,2020-02-12,1,2020.0,2.0,360.88,4330.56,,,,,,No
KRAZATI,ADAGRASIB,Active,2037-05-17,4076,Oral,TABLET;ORAL,200MG,2022-12-12,5,2022.0,12.0,281.83,3381.96,,,,,,No
TEPADINA AND SODIUM CHLORIDE,THIOTEPA,Active,2037-05-31,4090,Injectable,POWDER;INTRAVENOUS,200MG,2025-04-10,1,2025.0,4.0,2308.55,27702.6,,,,,,No
ATORVALIQ,ATORVASTATIN CALCIUM,Active,2037-06-07,4097,Oral,SUSPENSION;ORAL,20MG/5ML,2023-02-01,6,2023.0,2.0,447.11,5365.32,,,,,,No
ZORYVE,ROFLUMILAST,Active,2037-06-07,4097,Topical,CREAM;TOPICAL,0.15%,2024-07-09,76,2024.0,7.0,105.93,1271.16,,,,,,No
REVUFORJ,REVUMENIB CITRATE,Active,2037-06-08,4098,Oral,TABLET;ORAL,EQ 25MG BASE,2024-11-15,9,2024.0,11.0,254.13,3049.56,,,,,,No
PALSONIFY,PALTUSOTINE HYDROCHLORIDE,Active,2037-07-12,4132,Oral,TABLET;ORAL,EQ 20MG BASE,2025-09-25,18,2025.0,9.0,578.28,6939.36,,,,,,No
LUMRYZ,SODIUM OXYBATE,Active,2037-07-21,4141,Oral,"FOR SUSPENSION, EXTENDED RELEASE;ORAL",4.5GM/PACKET,2023-05-01,121,2023.0,5.0,153.29,1839.48,,,,,,No
CALCIUM GLUCONATE IN SODIUM CHLORIDE,CALCIUM GLUCONATE,Active,2037-07-25,4145,Injectable,SOLUTION;INTRAVENOUS,1GM/50ML (20MG/ML),2021-06-17,8,2021.0,6.0,2628.02,31536.24,,,,,,No
SUTAB,MAGNESIUM SULFATE; POTASSIUM CHLORIDE; SODIUM SULFATE,Active,2037-08-04,4155,Oral,TABLET;ORAL,0.225GM;0.188GM;1.479GM,2020-11-10,4,2020.0,11.0,446.6,5359.2,,,,,,No
ATZUMI,DIHYDROERGOTAMINE MESYLATE,Active,2037-08-04,4155,Other,POWDER;NASAL,EQ 5.2MG BASE,2025-04-30,6,2025.0,4.0,340.29,4083.48,,,,,,No
QLOSI,PILOCARPINE HYDROCHLORIDE,Active,2037-08-18,4169,Eye Care,SOLUTION/DROPS;OPHTHALMIC,0.4%,2023-10-17,4,2023.0,10.0,336.96,4043.52,,,,,,No
FLEQSUVY,BACLOFEN,Active,2037-09-08,4190,Oral,SUSPENSION;ORAL,25MG/5ML,2022-02-04,2,2022.0,2.0,677.28,8127.36,,,,,,No
KATERZIA,AMLODIPINE BENZOATE,Active,2037-10-06,4218,Oral,SUSPENSION;ORAL,EQ 1MG BASE/ML,2019-07-08,18,2019.0,7.0,343.47,4121.64,,,,,,No
RETEVMO,SELPERCATINIB,Active,2037-10-10,4222,Oral,CAPSULE;ORAL,40MG,2020-05-08,122,2020.0,5.0,574.61,6895.32,,,,,,No
FLUORESCEIN SODIUM AND BENOXINATE HYDROCHLORIDE,BENOXINATE HYDROCHLORIDE; FLUORESCEIN SODIUM,Active,2037-11-15,4258,Eye Care,SOLUTION/DROPS;OPHTHALMIC,0.4%;0.3%,2020-03-09,3,2020.0,3.0,326.29,3915.48,,,,,,No
MICAFUNGIN IN SODIUM CHLORIDE 0.9%,MICAFUNGIN SODIUM,Active,2037-12-15,4288,Injectable,SOLUTION;INTRAVENOUS,EQ 50MG BASE/50ML (EQ 1MG BASE/ML),2023-09-29,3,2023.0,9.0,1167.57,14010.84,,,,,,No
HEMADY,DEXAMETHASONE,Active,2037-12-18,4291,Oral,TABLET;ORAL,20MG,2019-10-03,2,2019.0,10.0,715.04,8580.48,,,,,,No
IGALMI,DEXMEDETOMIDINE HYDROCHLORIDE,Active,2037-12-29,4302,Other,"FILM;BUCCAL, SUBLINGUAL",EQ 0.12MG BASE,2022-04-05,30,2022.0,4.0,498.71,5984.52,,,,,,No
PEDMARK,SODIUM THIOSULFATE,Active,2038-01-05,4309,Injectable,SOLUTION;INTRAVENOUS,12.5GM/100ML (125MG/ML),2022-09-20,7,2022.0,9.0,2146.13,25753.56,,,,,,No
WIDAPLIK,AMLODIPINE BESYLATE; INDAPAMIDE; TELMISARTAN,Active,2038-01-23,4327,Oral,TABLET;ORAL,EQ 1.25MG BASE;0.625MG;10MG,2025-06-05,4,2025.0,6.0,695.41,8344.92,,,,,,No
ASPRUZYO SPRINKLE,RANOLAZINE,Active,2038-01-24,4328,Oral,"GRANULES, EXTENDED RELEASE;ORAL",1GM,2022-02-28,4,2022.0,2.0,707.11,8485.32,,,,,,No
NEFFY,EPINEPHRINE,Active,2038-02-06,4341,Other,SPRAY;NASAL,1MG/SPRAY,2025-03-05,16,2025.0,3.0,454.18,5450.16,,,,,,No
LEVOLET,LEVOTHYROXINE SODIUM,Active,2038-03-23,4386,Oral,TABLET;ORAL,"0.075MG **See current Annual Edition, 1.8 Description of Special Situations, Levothyroxine Sodium",2003-06-06,20,2003.0,6.0,685.91,8230.92,,,,,,No
SEPHIENCE,SEPIAPTERIN,Active,2038-04-16,4410,Oral,POWDER;ORAL,1GM/PACKET,2025-07-28,8,2025.0,7.0,588.23,7058.76,,,,,,No
NYMALIZE,NIMODIPINE,Active,2038-04-16,4410,Oral,SOLUTION;ORAL,6MG/ML,2020-04-08,6,2020.0,4.0,576.1,6913.2,,,,,,No
SINCALIDE,SINCALIDE,Active,2038-04-20,4414,Injectable,POWDER;INTRAVENOUS,0.005MG/VIAL,2022-11-22,9,2022.0,11.0,2046.53,24558.36,,,,,,No
BYNFEZIA PEN,OCTREOTIDE ACETATE,Active,2038-05-15,4439,Injectable,SOLUTION;SUBCUTANEOUS,EQ 7MG BASE/2.8ML (EQ 2.5MG BASE/ML),2024-09-27,13,2024.0,9.0,2381.79,28581.48,,,,,,No
LUMAKRAS,SOTORASIB,Active,2038-05-21,4445,Oral,TABLET;ORAL,120MG,2021-05-28,30,2021.0,5.0,211.02,2532.24,,,,,,No
CONSENSI,AMLODIPINE BESYLATE; CELECOXIB,Active,2038-06-14,4469,Oral,TABLET;ORAL,EQ 2.5MG BASE;200MG,2018-05-31,3,2018.0,5.0,716.61,8599.32,,,,,,No
PYRIDOSTIGMINE BROMIDE,PYRIDOSTIGMINE BROMIDE,Active,2038-06-18,4473,Oral,"TABLET, EXTENDED RELEASE;ORAL",105MG,2024-10-04,9,2024.0,10.0,710.29,8523.48,,,,,,No
MIDAZOLAM IN 0.9% SODIUM CHLORIDE,MIDAZOLAM,Active,2038-06-20,4475,Injectable,SOLUTION;INTRAVENOUS,50MG/50ML (1MG/ML),2021-03-22,2,2021.0,3.0,573.12,6877.44,,,,,,No
LUMASON,SULFUR HEXAFLUORIDE LIPID-TYPE A MICROSPHERES,Active,2038-07-06,4491,Injectable,FOR SUSPENSION;INTRAVENOUS,60.7MG/25MG,2014-10-15,5,2014.0,10.0,2564.54,30774.48,,,,,,No
OPVEE,NALMEFENE HYDROCHLORIDE,Active,2038-07-10,4495,Other,SPRAY;NASAL,EQ 2.7MG BASE/SPRAY,2023-05-22,2,2023.0,5.0,164.43,1973.16,,,,,,No
LUTATHERA,LUTETIUM LU 177 DOTATATE,Active,2038-07-25,4510,Injectable,SOLUTION;INTRAVENOUS,10mCi/ML,2018-01-26,18,2018.0,1.0,1337.8,16053.6,,,,,,No
ZONISADE,ZONISAMIDE,Active,2038-08-18,4534,Oral,SUSPENSION;ORAL,100MG/5ML,2022-07-15,3,2022.0,7.0,620.46,7445.52,,,,,,No
ALTRENO,TRETINOIN,Active,2038-08-22,4538,Topical,LOTION;TOPICAL,0.05%,2018-08-23,2,2018.0,8.0,131.44,1577.28,,,,,,No
POSLUMA,FLOTUFOLASTAT F-18 GALLIUM,Active,2038-08-23,4539,Injectable,SOLUTION;INTRAVENOUS,25ML (8-158mCi/ML),2023-05-25,8,2023.0,5.0,2544.92,30539.04,,,,,,No
IHEEZO,CHLOROPROCAINE HYDROCHLORIDE,Active,2038-09-15,4562,Eye Care,GEL;OPHTHALMIC,3%,2022-09-27,2,2022.0,9.0,432.85,5194.2,,,,,,No
PREVDUO,GLYCOPYRROLATE; NEOSTIGMINE METHYLSULFATE,Active,2038-10-25,4602,Injectable,SOLUTION;INTRAVENOUS,0.6MG/3ML (0.2MG/ML);3MG/3ML (1MG/ML),2023-02-23,5,2023.0,2.0,1768.67,21224.04,,,,,,No
ERZOFRI,PALIPERIDONE PALMITATE,Active,2038-10-26,4603,Other,"SUSPENSION, EXTENDED RELEASE;INTRAMUSCULAR",39MG/0.25ML (39MG/0.25ML),2024-07-26,24,2024.0,7.0,103.19,1238.28,,,,,,No
ALVAIZ,ELTROMBOPAG CHOLINE,Active,2038-11-05,4613,Oral,TABLET;ORAL,EQ 9MG BASE,2023-11-29,12,2023.0,11.0,300.93,3611.16,,,,,,No
THIOLA EC,TIOPRONIN,Active,2038-11-14,4622,Oral,"TABLET, DELAYED RELEASE;ORAL",100MG,2019-06-28,2,2019.0,6.0,531.85,6382.2,,,,,,No
TADLIQ,TADALAFIL,Active,2038-12-24,4662,Oral,SUSPENSION;ORAL,20MG/5ML,2022-06-17,4,2022.0,6.0,786.83,9441.96,,,,,,No
LIQREV,SILDENAFIL CITRATE,Active,2038-12-24,4662,Oral,SUSPENSION;ORAL,EQ 10MG BASE/ML,2023-04-28,5,2023.0,4.0,542.27,6507.24,,,,,,No
EMROSI,MINOCYCLINE HYDROCHLORIDE,Active,2039-01-07,4676,Oral,"CAPSULE, EXTENDED RELEASE;ORAL",EQ 40MG BASE,2024-11-01,3,2024.0,11.0,281.86,3382.32,,,,,,No
FOCINVEZ,FOSAPREPITANT DIMEGLUMINE,Active,2039-01-11,4680,Injectable,SOLUTION;INTRAVENOUS,EQ 150MG BASE/50ML (EQ 3MG BASE/ML),2023-08-22,2,2023.0,8.0,2085.01,25020.12,,,,,,No
NOURESS,CYSTEINE HYDROCHLORIDE,Active,2039-01-15,4684,Injectable,SOLUTION;INTRAVENOUS,500MG/10ML (50MG/ML),2019-12-13,19,2019.0,12.0,1849.96,22199.52,,,,,,No
ELCYS,CYSTEINE HYDROCHLORIDE,Active,2039-01-15,4684,Injectable,SOLUTION;INTRAVENOUS,500MG/10ML (50MG/ML),2019-04-16,16,2019.0,4.0,2449.61,29395.32,,,,,,No
LIKMEZ,METRONIDAZOLE,Active,2039-01-16,4685,Oral,SUSPENSION;ORAL,500MG/5ML,2023-09-22,4,2023.0,9.0,174.89,2098.68,,,,,,No
ZEGFROVY,SUNVOZERTINIB,Active,2039-01-28,4697,Oral,TABLET;ORAL,150MG,2025-07-02,6,2025.0,7.0,632.72,7592.64,,,,,,No
ANNOVERA,ETHINYL ESTRADIOL; SEGESTERONE ACETATE,Active,2039-02-01,4701,Other,RING;VAGINAL,0.013MG/24HR;0.15MG/24HR,2018-08-10,12,2018.0,8.0,370.63,4447.56,,,,,,No
BREKIYA (AUTOINJECTOR),DIHYDROERGOTAMINE MESYLATE,Active,2039-02-26,4726,Injectable,SOLUTION;SUBCUTANEOUS,1MG/ML,2025-05-14,4,2025.0,5.0,2907.48,34889.76,,,,,,No
KHAPZORY,LEVOLEUCOVORIN,Active,2039-03-25,4753,Injectable,POWDER;INTRAVENOUS,175MG/VIAL,2018-10-19,2,2018.0,10.0,1354.68,16256.16,,,,,,No
AZMIRO,TESTOSTERONE CYPIONATE,Active,2039-03-25,4753,Other,SOLUTION;INTRAMUSCULAR,200MG/ML (200MG/ML),2022-06-02,3,2022.0,6.0,416.31,4995.72,,,,,,No
DHIVY,CARBIDOPA; LEVODOPA,Active,2039-03-28,4756,Oral,TABLET;ORAL,25MG;100MG,2021-11-12,5,2021.0,11.0,752.42,9029.04,,,,,,No
POTASSIUM PHOSPHATES,"POTASSIUM PHOSPHATE, DIBASIC; POTASSIUM PHOSPHATE, MONOBASIC",Active,2039-04-19,4778,Injectable,SOLUTION;INTRAVENOUS,4.5GM/15ML (300MG/ML);2.65GM/15ML (175MG/ML),2019-09-19,1,2019.0,9.0,756.27,9075.24,,,,,,No
VUITY,PILOCARPINE HYDROCHLORIDE,Active,2039-04-24,4783,Eye Care,SOLUTION/DROPS;OPHTHALMIC,1.25%,2021-10-28,6,2021.0,10.0,474.89,5698.68,,,,,,No
CUVRIOR,TRIENTINE TETRAHYDROCHLORIDE,Active,2039-05-03,4792,Oral,TABLET;ORAL,300MG,2022-04-28,4,2022.0,4.0,581.52,6978.24,,,,,,No
ANGIOMAX RTU,BIVALIRUDIN,Active,2039-05-20,4809,Injectable,SOLUTION;INTRAVENOUS,250MG/50ML (5MG/ML),2019-07-25,4,2019.0,7.0,669.59,8035.08,,,,,,No
ZIMHI,NALOXONE HYDROCHLORIDE,Active,2039-05-24,4813,Injectable,"SOLUTION;INTRAMUSCULAR, SUBCUTANEOUS",5MG/0.5ML (5MG/0.5ML),2021-10-15,4,2021.0,10.0,1252.41,15028.92,,,,,,No
INLURIYO,IMLUNESTRANT TOSYLATE,Active,2039-07-11,4861,Oral,TABLET;ORAL,EQ 200MG BASE,2025-09-25,2,2025.0,9.0,595.72,7148.64,,,,,,No
KONVOMEP,OMEPRAZOLE; SODIUM BICARBONATE,Active,2039-07-16,4866,Oral,FOR SUSPENSION;ORAL,2MG/ML;84MG/ML,2022-08-30,9,2022.0,8.0,147.15,1765.8,,,,,,No
ROCURONIUM BROMIDE,ROCURONIUM BROMIDE,Active,2039-07-22,4872,Injectable,SOLUTION;INTRAVENOUS,50MG/5ML (10MG/ML),2025-10-24,1,2025.0,10.0,1955.43,23465.16,,,,,,No
METAXALONE,METAXALONE,Active,2039-07-29,4879,Oral,TABLET;ORAL,640MG **Federal Register determination that product was not discontinued or withdrawn for safety or effectiveness reasons**,2015-06-01,1,2015.0,6.0,342.12,4105.44,,,,,,No
LYVISPAH,BACLOFEN,Active,2039-07-29,4879,Oral,GRANULES;ORAL,5MG/PACKET,2021-11-22,21,2021.0,11.0,534.64,6415.68,,,,,,No
MYHIBBIN,MYCOPHENOLATE MOFETIL,Active,2039-08-16,4897,Oral,SUSPENSION;ORAL,200MG/ML,2024-05-01,5,2024.0,5.0,132.02,1584.24,,,,,,No
VIGAFYDE,VIGABATRIN,Active,2039-08-16,4897,Oral,SOLUTION;ORAL,100MG/ML,2024-06-17,2,2024.0,6.0,710.08,8520.96,,,,,,No
VOSTALLY,RAMIPRIL,Active,2039-08-16,4897,Oral,SOLUTION;ORAL,1MG/ML,2025-07-23,1,2025.0,7.0,781.44,9377.28,,,,,,No
OZOBAX,BACLOFEN,Active,2039-08-30,4911,Oral,SOLUTION;ORAL,5MG/5ML,2019-09-18,1,2019.0,9.0,778.21,9338.52,,,,,,No
SYMPAZAN,CLOBAZAM,Active,2039-09-05,4917,Oral,FILM;ORAL,5MG,2018-11-01,7,2018.0,11.0,624.76,7497.12,,,,,,No
RADICAVA ORS,EDARAVONE,Active,2039-11-01,4974,Oral,SUSPENSION;ORAL,105MG/5ML,2022-05-12,9,2022.0,5.0,191.06,2292.72,,,,,,No
ZURNAI (AUTOINJECTOR),NALMEFENE HYDROCHLORIDE,Active,2039-11-05,4978,Injectable,"SOLUTION;INTRAMUSCULAR, SUBCUTANEOUS",EQ 1.5MG BASE/0.5ML (EQ 1.5MG BASE/0.5ML),2024-08-07,2,2024.0,8.0,2395.66,28747.92,,,,,,No
EPHEDRINE SULFATE,EPHEDRINE SULFATE,Active,2040-01-22,5056,Injectable,SOLUTION;INTRAVENOUS,25MG/5ML (5MG/ML),2022-04-22,3,2022.0,4.0,561.47,6737.64,,,,,,No
DANZITEN,NILOTINIB TARTRATE,Active,2040-02-18,5083,Oral,TABLET;ORAL,EQ 71MG BASE,2024-11-07,6,2024.0,11.0,115.49,1385.88,,,,,,No
ARYNTA,LISDEXAMFETAMINE DIMESYLATE,Active,2040-04-16,5141,Oral,SOLUTION;ORAL,10MG/ML,2025-06-16,2,2025.0,6.0,326.53,3918.36,,,,,,No
IMKELDI,IMATINIB MESYLATE,Active,2040-04-27,5152,Oral,SOLUTION;ORAL,EQ 80MG BASE/ML,2024-11-22,1,2024.0,11.0,442.05,5304.6,,,,,,No
EMERPHED,EPHEDRINE SULFATE,Active,2040-05-16,5171,Injectable,SOLUTION;INTRAVENOUS,25MG/5ML (5MG/ML),2023-02-28,7,2023.0,2.0,2426.02,29112.24,,,,,,No
SUBVENITE,LAMOTRIGINE,Active,2040-05-29,5184,Oral,SUSPENSION;ORAL,10MG/ML,2025-09-16,6,2025.0,9.0,578.31,6939.72,,,,,,No
MOTPOLY XR,LACOSAMIDE,Active,2040-06-05,5191,Oral,"CAPSULE, EXTENDED RELEASE;ORAL",100MG,2023-05-04,18,2023.0,5.0,412.13,4945.56,,,,,,No
QAMZOVA,MELOXICAM,Active,2040-07-19,5235,Injectable,SOLUTION;INTRAVENOUS,30MG/ML (30MG/ML),2025-04-22,1,2025.0,4.0,1184.07,14208.84,,,,,,No
EPRONTIA,TOPIRAMATE,Active,2040-08-21,5268,Oral,SOLUTION;ORAL,25MG/ML,2021-11-05,11,2021.0,11.0,797.99,9575.88,,,,,,No
QDOLO,TRAMADOL HYDROCHLORIDE,Active,2040-09-01,5279,Oral,SOLUTION;ORAL,5MG/ML,2020-09-01,2,2020.0,9.0,398.33,4779.96,,,,,,No
BRYNOVIN,SITAGLIPTIN HYDROCHLORIDE,Active,2040-10-23,5331,Oral,SOLUTION;ORAL,EQ 25MG BASE/ML,2025-01-16,2,2025.0,1.0,415.97,4991.64,,,,,,No
OPIPZA,ARIPIPRAZOLE,Active,2040-11-03,5342,Oral,FILM;ORAL,2MG,2024-07-22,6,2024.0,7.0,214.54,2574.48,,,,,,No
ENBUMYST,BUMETANIDE,Active,2040-12-04,5373,Other,SPRAY;NASAL,0.5MG/SPRAY,2025-09-12,3,2025.0,9.0,497.4,5968.8,,,,,,No
JOURNAVX,SUZETRIGINE,Active,2040-12-04,5373,Oral,TABLET;ORAL,50MG,2025-01-30,1,2025.0,1.0,585.58,7026.96,,,,,,No
PHYRAGO,DASATINIB,Active,2041-01-22,5422,Oral,TABLET;ORAL,20MG,2023-12-05,84,2023.0,12.0,254.54,3054.48,,,,,,No
EXPAREL,BUPIVACAINE,Active,2041-01-22,5422,Injectable,"INJECTABLE, LIPOSOMAL;INJECTION",133MG/10ML (13.3MG/ML),2011-10-28,48,2011.0,10.0,705.95,8471.4,,,,,,No
TEZRULY,TERAZOSIN HYDROCHLORIDE,Active,2041-02-01,5432,Oral,SOLUTION;ORAL,EQ 1MG BASE/ML,2024-07-29,4,2024.0,7.0,576.35,6916.2,,,,,,No
GOMEKLI,MIRDAMETINIB,Active,2041-02-17,5448,Oral,CAPSULE;ORAL,1MG,2025-02-11,57,2025.0,2.0,558.16,6697.92,,,,,,No
NORLIQVA,AMLODIPINE BESYLATE,Active,2041-02-24,5455,Oral,SOLUTION;ORAL,EQ 1MG BASE/ML,2022-02-24,18,2022.0,2.0,291.28,3495.36,,,,,,No
NOREPINEPHRINE BITARTRATE IN 5% DEXTROSE,NOREPINEPHRINE BITARTRATE,Active,2041-03-08,5467,Injectable,SOLUTION;INTRAVENOUS,EQ 4MG BASE/250ML (EQ 16MCG BASE/ML),2021-01-15,5,2021.0,1.0,2877.16,34525.92,,,,,,No
DAPZURA RT,DAPTOMYCIN,Active,2041-03-11,5470,Injectable,POWDER;INTRAVENOUS,500MG/VIAL **Federal Register determination that product was not discontinued or withdrawn for safety or effectiveness reasons**,2022-01-25,1,2022.0,1.0,877.64,10531.68,,,,,,No
INVEGA HAFYERA,PALIPERIDONE PALMITATE,Active,2041-05-07,5527,Other,"SUSPENSION, EXTENDED RELEASE;INTRAMUSCULAR",1.092GM/3.5ML (312MG/ML),2021-08-30,10,2021.0,8.0,316.17,3794.04,,,,,,No
FEMLYV,ETHINYL ESTRADIOL; NORETHINDRONE ACETATE,Active,2041-06-24,5575,Oral,"TABLET, ORALLY DISINTEGRATING;ORAL",0.02MG;1MG,2024-07-22,1,2024.0,7.0,760.53,9126.36,,,,,,No
TRALEMENT,CUPRIC SULFATE; MANGANESE SULFATE; SELENIOUS ACID; ZINC SULFATE,Active,2041-07-01,5582,Injectable,SOLUTION;INTRAVENOUS,EQ 0.3MG COPPER/ML;EQ 55MCG BASE/ML;EQ 60MCG SELENIUM/ML;EQ 3MG BASE/ML (1ML),2020-07-02,10,2020.0,7.0,1549.32,18591.84,,,,,,No
SELENIOUS ACID,SELENIOUS ACID,Active,2041-07-01,5582,Injectable,SOLUTION;INTRAVENOUS,EQ 12MCG SELENIUM/2ML (EQ 6MCG SELENIUM/ML),2021-08-30,6,2021.0,8.0,2096.31,25155.72,,,,,,No
MULTRYS,CUPRIC SULFATE; MANGANESE SULFATE; SELENIOUS ACID; ZINC SULFATE,Active,2041-07-01,5582,Injectable,SOLUTION;INTRAVENOUS,EQ 60MCG COPPER/ML;EQ 3MCG BASE/ML;EQ 6MCG SELENIUM/ML;EQ 1000MCG BASE/ML (1ML),2021-06-30,5,2021.0,6.0,1493.99,17927.88,,,,,,No
ADVIL DUAL ACTION WITH ACETAMINOPHEN,ACETAMINOPHEN; IBUPROFEN,Active,2041-07-09,5590,Oral,TABLET;ORAL,250MG;125MG,2020-02-28,1,2020.0,2.0,291.95,3503.4,,,,,,No
ACTHAR GEL,CORTICOTROPIN,Active,2041-07-18,5599,Injectable,INJECTABLE;INJECTION,80 UNITS/ML,,3,,,2959.94,35519.28,,,,,,No
ACTHAR GEL (AUTOINJECTOR),CORTICOTROPIN,Active,2041-07-18,5599,Injectable,INJECTABLE;INJECTION,40 UNITS/0.5ML,2024-02-29,6,2024.0,2.0,1523.34,18280.08,,,,,,No
XIFYRM,MELOXICAM,Active,2041-07-31,5612,Injectable,SOLUTION;INTRAVENOUS,30MG/ML (30MG/ML),2025-06-05,1,2025.0,6.0,2735.25,32823.0,,,,,,No
PAXLOVID (COPACKAGED),NIRMATRELVIR; RITONAVIR,Active,2041-08-05,5617,Oral,TABLET;ORAL,150MG;100MG,2023-05-25,2,2023.0,5.0,260.97,3131.64,,,,,,No
AURLUMYN,ILOPROST,Active,2041-08-06,5618,Injectable,SOLUTION;INTRAVENOUS,100MCG/ML (100MCG/ML),2024-02-13,2,2024.0,2.0,1032.76,12393.12,,,,,,No
TEPYLUTE,THIOTEPA,Active,2041-08-16,5628,Injectable,SOLUTION;INTRAVENOUS,15MG/1.5ML (10MG/ML),2024-06-25,2,2024.0,6.0,577.84,6934.08,,,,,,No
ARBLI,LOSARTAN POTASSIUM,Active,2041-10-07,5680,Oral,SUSPENSION;ORAL,10MG/ML,2025-03-13,4,2025.0,3.0,556.17,6674.04,,,,,,No
POTASSIUM PHOSPHATES IN 0.9% SODIUM CHLORIDE,"POTASSIUM PHOSPHATE, DIBASIC; POTASSIUM PHOSPHATE, MONOBASIC",Active,2041-10-12,5685,Injectable,SOLUTION;INTRAVENOUS,1.18GM/100ML (11.8MG/ML);1.12GM/100ML (11.2MG/ML),2025-05-09,4,2025.0,5.0,1421.32,17055.84,,,,,,No
SUCCINYLCHOLINE CHLORIDE,SUCCINYLCHOLINE CHLORIDE,Active,2041-11-02,5706,Injectable,"SOLUTION;INTRAMUSCULAR, INTRAVENOUS",100MG/5ML (20MG/ML),2021-08-20,1,2021.0,8.0,2660.9,31930.8,,,,,,No
FENSOLVI KIT,LEUPROLIDE ACETATE,Active,2041-12-22,5756,Injectable,POWDER;SUBCUTANEOUS,45MG,2020-05-01,3,2020.0,5.0,1683.02,20196.24,,,,,,No
ELIGARD KIT,LEUPROLIDE ACETATE,Active,2041-12-22,5756,Injectable,POWDER;SUBCUTANEOUS,7.5MG,2002-01-23,12,2002.0,1.0,2920.48,35045.76,,,,,,No
XROMI,HYDROXYUREA,Active,2041-12-23,5757,Oral,SOLUTION;ORAL,100MG/ML,2024-04-04,1,2024.0,4.0,229.87,2758.44,,,,,,No
APHEXDA,MOTIXAFORTIDE ACETATE,Active,2041-12-29,5763,Injectable,POWDER;SUBCUTANEOUS,EQ 62MG BASE/VIAL,2023-09-08,2,2023.0,9.0,2671.56,32058.72,,,,,,No
SEZABY,PHENOBARBITAL SODIUM,Active,2042-04-07,5862,Injectable,POWDER;INTRAVENOUS,100MG/VIAL,2022-11-17,1,2022.0,11.0,2441.49,29297.88,,,,,,No
ONTRALFY,TIZANIDINE HYDROCHLORIDE,Active,2042-05-07,5892,Oral,SOLUTION;ORAL,EQ 2MG BASE/5ML,2024-12-12,2,2024.0,12.0,639.65,7675.8,,,,,,No
CLOTIC,CLOTRIMAZOLE,Active,2042-05-26,5911,Other,SOLUTION/DROPS;OTIC,1%,2025-09-26,1,2025.0,9.0,522.39,6268.68,,,,,,No
JAVADIN,CLONIDINE HYDROCHLORIDE,Active,2042-07-15,5961,Oral,SOLUTION;ORAL,0.02MG/ML,2025-10-23,2,2025.0,10.0,632.72,7592.64,,,,,,No
VIVIMUSTA,BENDAMUSTINE HYDROCHLORIDE,Active,2042-07-29,5975,Injectable,SOLUTION;INTRAVENOUS,100MG/4ML (25MG/ML),2022-12-07,4,2022.0,12.0,2065.55,24786.6,,,,,,No
KHINDIVI,HYDROCORTISONE,Active,2043-02-23,6184,Oral,SOLUTION;ORAL,1MG/ML,2025-05-28,2,2025.0,5.0,191.87,2302.44,,,,,,No
PURIFIED CORTROPHIN GEL,CORTICOTROPIN,Active,2043-10-27,6430,Injectable,INJECTABLE;INJECTION,40 UNITS/ML,,116,,,581.32,6975.84,,,,,,No
INZIRQO,HYDROCHLOROTHIAZIDE,Active,2044-01-23,6518,Oral,FOR SUSPENSION;ORAL,10MG/ML,2025-01-28,2,2025.0,1.0,744.59,8935.08,,,,,,No
ARTESUNATE,ARTESUNATE,Active,2044-02-16,6542,Injectable,POWDER;INTRAVENOUS,110MG/VIAL,2020-05-26,1,2020.0,5.0,2041.63,24499.56,,,,,,No
SUFLAVE,MAGNESIUM SULFATE; POLYETHYLENE GLYCOL 3350; POTASSIUM CHLORIDE; SODIUM CHLORIDE; SODIUM SULFATE,Active,2044-06-14,6661,Oral,FOR SOLUTION;ORAL,0.9GM/BOT;178.7GM/BOT;1.12GM/BOT;0.5GM/BOT;7.3GM/BOT,2023-06-15,3,2023.0,6.0,657.58,7890.96,,,,,,No
VASOPRESSIN IN SODIUM CHLORIDE 0.9%,VASOPRESSIN,Active,2044-09-27,6766,Injectable,SOLUTION;INTRAVENOUS,20UNITS/100ML (0.2UNITS/ML),2023-09-29,2,2023.0,9.0,1703.81,20445.72,,,,,,No
ATMEKSI,METHOCARBAMOL,Active,2044-10-09,6778,Oral,SUSPENSION;ORAL,750MG/5ML,2025-07-30,1,2025.0,7.0,182.12,2185.44,,,,,,No
KYXATA,CARBOPLATIN,Active,2045-04-01,6952,Injectable,SOLUTION;INTRAVENOUS,20MG/2ML (10MG/ML),2025-08-08,3,2025.0,8.0,812.96,9755.52,,,,,,No
